This is XeTeX, Version 3.141592653-2.6-0.999997 (TeX Live 2025) (preloaded format=xelatex 2025.12.29)  4 APR 2026 17:52
entering extended mode
 restricted \write18 enabled.
 %&-line parsing enabled.
**index.tex
(./index.tex
LaTeX2e <2025-11-01>
L3 programming layer <2025-12-24>
(/usr/local/texlive/2025/texmf-dist/tex/latex/koma-script/scrreprt.cls
Document Class: scrreprt 2025/12/01 v3.49 KOMA-Script document class (report)
(/usr/local/texlive/2025/texmf-dist/tex/latex/koma-script/scrkbase.sty
Package: scrkbase 2025/12/01 v3.49 KOMA-Script package (KOMA-Script-dependent b
asics and keyval usage)
(/usr/local/texlive/2025/texmf-dist/tex/latex/koma-script/scrbase.sty
Package: scrbase 2025/12/01 v3.49 KOMA-Script package (KOMA-Script-independent 
basics and keyval usage)
(/usr/local/texlive/2025/texmf-dist/tex/latex/koma-script/scrlfile.sty
Package: scrlfile 2025/12/01 v3.49 KOMA-Script package (file load hooks)
(/usr/local/texlive/2025/texmf-dist/tex/latex/koma-script/scrlfile-hook.sty
Package: scrlfile-hook 2025/12/01 v3.49 KOMA-Script package (using LaTeX hooks)

(/usr/local/texlive/2025/texmf-dist/tex/latex/koma-script/scrlogo.sty
Package: scrlogo 2025/12/01 v3.49 KOMA-Script package (logo)
))) (/usr/local/texlive/2025/texmf-dist/tex/latex/graphics/keyval.sty
Package: keyval 2022/05/29 v1.15 key=value parser (DPC)
\KV@toks@=\toks17
)
Applying: [2021/05/01] Usage of raw or classic option list on input line 254.
Already applied: [0000/00/00] Usage of raw or classic option list on input line
 370.
)) (/usr/local/texlive/2025/texmf-dist/tex/latex/koma-script/tocbasic.sty
Package: tocbasic 2025/12/01 v3.49 KOMA-Script package (handling toc-files)
\scr@dte@tocline@numberwidth=\skip49
\scr@dte@tocline@numbox=\box53
)
Package tocbasic Info: omitting babel extension for `toc'
(tocbasic)             because of feature `nobabel' available
(tocbasic)             for `toc' on input line 143.
Package scrreprt Info: You've used standard option `12pt'.
(scrreprt)             This is correct!
(scrreprt)             Internally I'm using `fontsize=12pt'.
(scrreprt)             If you'd like to set the option with \KOMAoptions,
(scrreprt)             you'd have to use `fontsize=12pt' there
(scrreprt)             instead of `12pt', too.
Class scrreprt Info: File `scrsize12pt.clo' used to setup font sizes on input l
ine 2708.
(/usr/local/texlive/2025/texmf-dist/tex/latex/koma-script/scrsize12pt.clo
File: scrsize12pt.clo 2025/12/01 v3.49 KOMA-Script font size class option (12pt
)
) (/usr/local/texlive/2025/texmf-dist/tex/latex/koma-script/typearea.sty
Package: typearea 2025/12/01 v3.49 KOMA-Script package (type area)
\ta@bcor=\skip50
\ta@div=\count271
Package typearea Info: You've used standard option `letterpaper'.
(typearea)             This is correct!
(typearea)             Internally I'm using `paper=letter'.
(typearea)             If you'd like to set the option with \KOMAoptions,
(typearea)             you'd have to use `paper=letter' there
(typearea)             instead of `letterpaper', too.
\ta@hblk=\skip51
\ta@vblk=\skip52
\ta@temp=\skip53
\footheight=\skip54
Package typearea Info: These are the values describing the layout:
(typearea)             DIV  = 11
(typearea)             BCOR = 0.0pt
(typearea)             \paperwidth      = 614.295pt
(typearea)              \textwidth      = 446.76004pt
(typearea)              DIV departure   = -6%
(typearea)              \evensidemargin = 11.49748pt
(typearea)              \oddsidemargin  = 11.49748pt
(typearea)             \paperheight     = 794.96999pt
(typearea)              \textheight     = 592.0pt
(typearea)              \topmargin      = -39.875pt
(typearea)              \headheight     = 18.125pt
(typearea)              \headsep        = 21.75pt
(typearea)              \topskip        = 12.0pt
(typearea)              \footskip       = 50.75pt
(typearea)              \baselineskip   = 14.5pt
(typearea)              on input line 1808.
)
\c@part=\count272
\c@chapter=\count273
\c@section=\count274
\c@subsection=\count275
\c@subsubsection=\count276
\c@paragraph=\count277
\c@subparagraph=\count278
\scr@dte@chapter@maxnumwidth=\skip55
Class scrreprt Info: using compatibility default `afterindent=bysign'
(scrreprt)           for `\chapter on input line 5926.
\scr@dte@section@maxnumwidth=\skip56
Class scrreprt Info: using compatibility default `runin=bysign'
(scrreprt)           for `\section on input line 5937.
Class scrreprt Info: using compatibility default `afterindent=bysign'
(scrreprt)           for `\section on input line 5937.
\scr@dte@part@maxnumwidth=\skip57
Class scrreprt Info: using compatibility default `afterindent=true'
(scrreprt)           for `\part on input line 5946.
\scr@dte@subsection@maxnumwidth=\skip58
Class scrreprt Info: using compatibility default `runin=bysign'
(scrreprt)           for `\subsection on input line 5956.
Class scrreprt Info: using compatibility default `afterindent=bysign'
(scrreprt)           for `\subsection on input line 5956.
\scr@dte@subsubsection@maxnumwidth=\skip59
Class scrreprt Info: using compatibility default `runin=bysign'
(scrreprt)           for `\subsubsection on input line 5966.
Class scrreprt Info: using compatibility default `afterindent=bysign'
(scrreprt)           for `\subsubsection on input line 5966.
\scr@dte@paragraph@maxnumwidth=\skip60
Class scrreprt Info: using compatibility default `runin=bysign'
(scrreprt)           for `\paragraph on input line 5977.
Class scrreprt Info: using compatibility default `afterindent=bysign'
(scrreprt)           for `\paragraph on input line 5977.
\scr@dte@subparagraph@maxnumwidth=\skip61
Class scrreprt Info: using compatibility default `runin=bysign'
(scrreprt)           for `\subparagraph on input line 5987.
Class scrreprt Info: using compatibility default `afterindent=bysign'
(scrreprt)           for `\subparagraph on input line 5987.
\abovecaptionskip=\skip62
\belowcaptionskip=\skip63
\c@pti@nb@sid@b@x=\box54
Package tocbasic Info: omitting babel extension for `lof'
(tocbasic)             because of feature `nobabel' available
(tocbasic)             for `lof' on input line 7217.
\scr@dte@figure@maxnumwidth=\skip64
\c@figure=\count279
Package tocbasic Info: omitting babel extension for `lot'
(tocbasic)             because of feature `nobabel' available
(tocbasic)             for `lot' on input line 7230.
\scr@dte@table@maxnumwidth=\skip65
\c@table=\count280
Class scrreprt Info: Redefining `\numberline' on input line 7401.
\bibindent=\dimen148
) (/usr/local/texlive/2025/texmf-dist/tex/latex/xcolor/xcolor.sty
Package: xcolor 2024/09/29 v3.02 LaTeX color extensions (UK)
(/usr/local/texlive/2025/texmf-dist/tex/latex/graphics-cfg/color.cfg
File: color.cfg 2016/01/02 v1.6 sample color configuration
)
Package xcolor Info: Driver file: xetex.def on input line 274.
(/usr/local/texlive/2025/texmf-dist/tex/latex/graphics-def/xetex.def
File: xetex.def 2025/11/01 v5.0p Graphics/color driver for xetex
) (/usr/local/texlive/2025/texmf-dist/tex/latex/graphics/mathcolor.ltx)
Package xcolor Info: Model `cmy' substituted by `cmy0' on input line 1349.
Package xcolor Info: Model `RGB' extended on input line 1365.
Package xcolor Info: Model `HTML' substituted by `rgb' on input line 1367.
Package xcolor Info: Model `Hsb' substituted by `hsb' on input line 1368.
Package xcolor Info: Model `tHsb' substituted by `hsb' on input line 1369.
Package xcolor Info: Model `HSB' substituted by `hsb' on input line 1370.
Package xcolor Info: Model `Gray' substituted by `gray' on input line 1371.
Package xcolor Info: Model `wave' substituted by `hsb' on input line 1372.
) (/usr/local/texlive/2025/texmf-dist/tex/latex/graphics/dvipsnam.def
File: dvipsnam.def 2016/06/17 v3.0m Driver-dependent file (DPC,SPQR)
) (/usr/local/texlive/2025/texmf-dist/tex/latex/xcolor/svgnam.def
File: svgnam.def 2024/09/29 v3.02 Predefined colors according to SVG 1.1 (UK)
) (/usr/local/texlive/2025/texmf-dist/tex/latex/xcolor/x11nam.def
File: x11nam.def 2024/09/29 v3.02 Predefined colors according to Unix/X11 (UK)
) (/usr/local/texlive/2025/texmf-dist/tex/latex/geometry/geometry.sty
Package: geometry 2020/01/02 v5.9 Page Geometry
(/usr/local/texlive/2025/texmf-dist/tex/generic/iftex/ifvtex.sty
Package: ifvtex 2019/10/25 v1.7 ifvtex legacy package. Use iftex instead.
(/usr/local/texlive/2025/texmf-dist/tex/generic/iftex/iftex.sty
Package: iftex 2024/12/12 v1.0g TeX engine tests
))
\Gm@cnth=\count281
\Gm@cntv=\count282
\c@Gm@tempcnt=\count283
\Gm@bindingoffset=\dimen149
\Gm@wd@mp=\dimen150
\Gm@odd@mp=\dimen151
\Gm@even@mp=\dimen152
\Gm@layoutwidth=\dimen153
\Gm@layoutheight=\dimen154
\Gm@layouthoffset=\dimen155
\Gm@layoutvoffset=\dimen156
\Gm@dimlist=\toks18
) (/usr/local/texlive/2025/texmf-dist/tex/latex/amsmath/amsmath.sty
Package: amsmath 2025/07/09 v2.17z AMS math features
\@mathmargin=\skip66
For additional information on amsmath, use the `?' option.
(/usr/local/texlive/2025/texmf-dist/tex/latex/amsmath/amstext.sty
Package: amstext 2024/11/17 v2.01 AMS text
(/usr/local/texlive/2025/texmf-dist/tex/latex/amsmath/amsgen.sty
File: amsgen.sty 1999/11/30 v2.0 generic functions
\@emptytoks=\toks19
\ex@=\dimen157
)) (/usr/local/texlive/2025/texmf-dist/tex/latex/amsmath/amsbsy.sty
Package: amsbsy 1999/11/29 v1.2d Bold Symbols
\pmbraise@=\dimen158
) (/usr/local/texlive/2025/texmf-dist/tex/latex/amsmath/amsopn.sty
Package: amsopn 2022/04/08 v2.04 operator names
)
\inf@bad=\count284
LaTeX Info: Redefining \frac on input line 233.
\uproot@=\count285
\leftroot@=\count286
LaTeX Info: Redefining \overline on input line 398.
LaTeX Info: Redefining \colon on input line 409.
\classnum@=\count287
\DOTSCASE@=\count288
LaTeX Info: Redefining \ldots on input line 495.
LaTeX Info: Redefining \dots on input line 498.
LaTeX Info: Redefining \cdots on input line 619.
\Mathstrutbox@=\box55
\strutbox@=\box56
LaTeX Info: Redefining \big on input line 721.
LaTeX Info: Redefining \Big on input line 722.
LaTeX Info: Redefining \bigg on input line 723.
LaTeX Info: Redefining \Bigg on input line 724.
\big@size=\dimen159
LaTeX Font Info:    Redeclaring font encoding OML on input line 742.
LaTeX Font Info:    Redeclaring font encoding OMS on input line 743.
\macc@depth=\count289
LaTeX Info: Redefining \bmod on input line 904.
LaTeX Info: Redefining \pmod on input line 909.
LaTeX Info: Redefining \smash on input line 939.
LaTeX Info: Redefining \relbar on input line 969.
LaTeX Info: Redefining \Relbar on input line 970.
\c@MaxMatrixCols=\count290
\dotsspace@=\muskip17
\c@parentequation=\count291
\dspbrk@lvl=\count292
\tag@help=\toks20
\row@=\count293
\column@=\count294
\maxfields@=\count295
\andhelp@=\toks21
\eqnshift@=\dimen160
\alignsep@=\dimen161
\tagshift@=\dimen162
\tagwidth@=\dimen163
\totwidth@=\dimen164
\lineht@=\dimen165
\@envbody=\toks22
\multlinegap=\skip67
\multlinetaggap=\skip68
\mathdisplay@stack=\toks23
LaTeX Info: Redefining \[ on input line 2950.
LaTeX Info: Redefining \] on input line 2951.
) (/usr/local/texlive/2025/texmf-dist/tex/latex/amsfonts/amssymb.sty
Package: amssymb 2013/01/14 v3.01 AMS font symbols
(/usr/local/texlive/2025/texmf-dist/tex/latex/amsfonts/amsfonts.sty
Package: amsfonts 2013/01/14 v3.01 Basic AMSFonts support
\symAMSa=\mathgroup4
\symAMSb=\mathgroup5
LaTeX Font Info:    Redeclaring math symbol \hbar on input line 98.
LaTeX Font Info:    Overwriting math alphabet `\mathfrak' in version `bold'
(Font)                  U/euf/m/n --> U/euf/b/n on input line 106.
)) (/usr/local/texlive/2025/texmf-dist/tex/latex/unicode-math/unicode-math.sty 
(/usr/local/texlive/2025/texmf-dist/tex/latex/l3kernel/expl3.sty
Package: expl3 2025-12-24 L3 programming layer (loader) 
(/usr/local/texlive/2025/texmf-dist/tex/latex/l3backend/l3backend-xetex.def
File: l3backend-xetex.def 2025-10-09 L3 backend support: XeTeX
\g__graphics_track_int=\count296
\g__pdfannot_backend_int=\count297
\g__pdfannot_backend_link_int=\count298
))
Package: unicode-math 2023/08/13 v0.8r Unicode maths in XeLaTeX and LuaLaTeX

(/usr/local/texlive/2025/texmf-dist/tex/latex/unicode-math/unicode-math-xetex.s
ty
Package: unicode-math-xetex 2023/08/13 v0.8r Unicode maths in XeLaTeX and LuaLa
TeX
(/usr/local/texlive/2025/texmf-dist/tex/latex/l3packages/xparse/xparse.sty
Package: xparse 2025-10-09 L3 Experimental document command parser
) (/usr/local/texlive/2025/texmf-dist/tex/latex/l3packages/l3keys2e/l3keys2e.st
y
Package: l3keys2e 2025-10-09 LaTeX2e option processing using LaTeX3 keys
) (/usr/local/texlive/2025/texmf-dist/tex/latex/fontspec/fontspec.sty
Package: fontspec 2025/09/29 v2.9g Font selection for XeLaTeX and LuaLaTeX
(/usr/local/texlive/2025/texmf-dist/tex/latex/fontspec/fontspec-xetex.sty
Package: fontspec-xetex 2025/09/29 v2.9g Font selection for XeLaTeX and LuaLaTe
X
\l__fontspec_script_int=\count299
\l__fontspec_language_int=\count300
\l__fontspec_strnum_int=\count301
\l__fontspec_tmp_int=\count302
\l__fontspec_tmpa_int=\count303
\l__fontspec_tmpb_int=\count304
\l__fontspec_tmpc_int=\count305
\l__fontspec_em_int=\count306
\l__fontspec_emdef_int=\count307
\l__fontspec_strong_int=\count308
\l__fontspec_strongdef_int=\count309
\l__fontspec_tmpa_dim=\dimen166
\l__fontspec_tmpb_dim=\dimen167
\l__fontspec_tmpc_dim=\dimen168
(/usr/local/texlive/2025/texmf-dist/tex/latex/base/fontenc.sty
Package: fontenc 2025/07/18 v2.1d Standard LaTeX package
) (/usr/local/texlive/2025/texmf-dist/tex/latex/fontspec/fontspec.cfg))) (/usr/
local/texlive/2025/texmf-dist/tex/latex/base/fix-cm.sty
Package: fix-cm 2020/11/24 v1.1t fixes to LaTeX
(/usr/local/texlive/2025/texmf-dist/tex/latex/base/ts1enc.def
File: ts1enc.def 2001/06/05 v3.0e (jk/car/fm) Standard LaTeX file
LaTeX Font Info:    Redeclaring font encoding TS1 on input line 47.
LaTeX Encoding Info:    Redeclaring text command \capitalcedilla (encoding TS1)
 on input line 49.
LaTeX Encoding Info:    Redeclaring text command \capitalogonek (encoding TS1) 
on input line 52.
LaTeX Encoding Info:    Redeclaring text command \capitalgrave (encoding TS1) o
n input line 55.
LaTeX Encoding Info:    Redeclaring text command \capitalacute (encoding TS1) o
n input line 56.
LaTeX Encoding Info:    Redeclaring text command \capitalcircumflex (encoding T
S1) on input line 57.
LaTeX Encoding Info:    Redeclaring text command \capitaltilde (encoding TS1) o
n input line 58.
LaTeX Encoding Info:    Redeclaring text command \capitaldieresis (encoding TS1
) on input line 59.
LaTeX Encoding Info:    Redeclaring text command \capitalhungarumlaut (encoding
 TS1) on input line 60.
LaTeX Encoding Info:    Redeclaring text command \capitalring (encoding TS1) on
 input line 61.
LaTeX Encoding Info:    Redeclaring text command \capitalcaron (encoding TS1) o
n input line 62.
LaTeX Encoding Info:    Redeclaring text command \capitalbreve (encoding TS1) o
n input line 63.
LaTeX Encoding Info:    Redeclaring text command \capitalmacron (encoding TS1) 
on input line 64.
LaTeX Encoding Info:    Redeclaring text command \capitaldotaccent (encoding TS
1) on input line 65.
LaTeX Encoding Info:    Redeclaring text command \t (encoding TS1) on input lin
e 66.
LaTeX Encoding Info:    Redeclaring text command \capitaltie (encoding TS1) on 
input line 67.
LaTeX Encoding Info:    Redeclaring text command \newtie (encoding TS1) on inpu
t line 68.
LaTeX Encoding Info:    Redeclaring text command \capitalnewtie (encoding TS1) 
on input line 69.
LaTeX Encoding Info:    Redeclaring text symbol \textcapitalcompwordmark (encod
ing TS1) on input line 70.
LaTeX Encoding Info:    Redeclaring text symbol \textascendercompwordmark (enco
ding TS1) on input line 71.
LaTeX Encoding Info:    Redeclaring text symbol \textquotestraightbase (encodin
g TS1) on input line 72.
LaTeX Encoding Info:    Redeclaring text symbol \textquotestraightdblbase (enco
ding TS1) on input line 73.
LaTeX Encoding Info:    Redeclaring text symbol \texttwelveudash (encoding TS1)
 on input line 74.
LaTeX Encoding Info:    Redeclaring text symbol \textthreequartersemdash (encod
ing TS1) on input line 75.
LaTeX Encoding Info:    Redeclaring text symbol \textleftarrow (encoding TS1) o
n input line 76.
LaTeX Encoding Info:    Redeclaring text symbol \textrightarrow (encoding TS1) 
on input line 77.
LaTeX Encoding Info:    Redeclaring text symbol \textblank (encoding TS1) on in
put line 78.
LaTeX Encoding Info:    Redeclaring text symbol \textdollar (encoding TS1) on i
nput line 79.
LaTeX Encoding Info:    Redeclaring text symbol \textquotesingle (encoding TS1)
 on input line 80.
LaTeX Encoding Info:    Redeclaring text command \textasteriskcentered (encodin
g TS1) on input line 81.
LaTeX Encoding Info:    Redeclaring text symbol \textdblhyphen (encoding TS1) o
n input line 92.
LaTeX Encoding Info:    Redeclaring text symbol \textfractionsolidus (encoding 
TS1) on input line 93.
LaTeX Encoding Info:    Redeclaring text symbol \textzerooldstyle (encoding TS1
) on input line 94.
LaTeX Encoding Info:    Redeclaring text symbol \textoneoldstyle (encoding TS1)
 on input line 95.
LaTeX Encoding Info:    Redeclaring text symbol \texttwooldstyle (encoding TS1)
 on input line 96.
LaTeX Encoding Info:    Redeclaring text symbol \textthreeoldstyle (encoding TS
1) on input line 97.
LaTeX Encoding Info:    Redeclaring text symbol \textfouroldstyle (encoding TS1
) on input line 98.
LaTeX Encoding Info:    Redeclaring text symbol \textfiveoldstyle (encoding TS1
) on input line 99.
LaTeX Encoding Info:    Redeclaring text symbol \textsixoldstyle (encoding TS1)
 on input line 100.
LaTeX Encoding Info:    Redeclaring text symbol \textsevenoldstyle (encoding TS
1) on input line 101.
LaTeX Encoding Info:    Redeclaring text symbol \texteightoldstyle (encoding TS
1) on input line 102.
LaTeX Encoding Info:    Redeclaring text symbol \textnineoldstyle (encoding TS1
) on input line 103.
LaTeX Encoding Info:    Redeclaring text symbol \textlangle (encoding TS1) on i
nput line 104.
LaTeX Encoding Info:    Redeclaring text symbol \textminus (encoding TS1) on in
put line 105.
LaTeX Encoding Info:    Redeclaring text symbol \textrangle (encoding TS1) on i
nput line 106.
LaTeX Encoding Info:    Redeclaring text symbol \textmho (encoding TS1) on inpu
t line 107.
LaTeX Encoding Info:    Redeclaring text symbol \textbigcircle (encoding TS1) o
n input line 108.
LaTeX Encoding Info:    Redeclaring text command \textcircled (encoding TS1) on
 input line 109.
LaTeX Encoding Info:    Redeclaring text symbol \textohm (encoding TS1) on inpu
t line 115.
LaTeX Encoding Info:    Redeclaring text symbol \textlbrackdbl (encoding TS1) o
n input line 116.
LaTeX Encoding Info:    Redeclaring text symbol \textrbrackdbl (encoding TS1) o
n input line 117.
LaTeX Encoding Info:    Redeclaring text symbol \textuparrow (encoding TS1) on 
input line 118.
LaTeX Encoding Info:    Redeclaring text symbol \textdownarrow (encoding TS1) o
n input line 119.
LaTeX Encoding Info:    Redeclaring text symbol \textasciigrave (encoding TS1) 
on input line 120.
LaTeX Encoding Info:    Redeclaring text symbol \textborn (encoding TS1) on inp
ut line 121.
LaTeX Encoding Info:    Redeclaring text symbol \textdivorced (encoding TS1) on
 input line 122.
LaTeX Encoding Info:    Redeclaring text symbol \textdied (encoding TS1) on inp
ut line 123.
LaTeX Encoding Info:    Redeclaring text symbol \textleaf (encoding TS1) on inp
ut line 124.
LaTeX Encoding Info:    Redeclaring text symbol \textmarried (encoding TS1) on 
input line 125.
LaTeX Encoding Info:    Redeclaring text symbol \textmusicalnote (encoding TS1)
 on input line 126.
LaTeX Encoding Info:    Redeclaring text symbol \texttildelow (encoding TS1) on
 input line 127.
LaTeX Encoding Info:    Redeclaring text symbol \textdblhyphenchar (encoding TS
1) on input line 128.
LaTeX Encoding Info:    Redeclaring text symbol \textasciibreve (encoding TS1) 
on input line 129.
LaTeX Encoding Info:    Redeclaring text symbol \textasciicaron (encoding TS1) 
on input line 130.
LaTeX Encoding Info:    Redeclaring text symbol \textacutedbl (encoding TS1) on
 input line 131.
LaTeX Encoding Info:    Redeclaring text symbol \textgravedbl (encoding TS1) on
 input line 132.
LaTeX Encoding Info:    Redeclaring text symbol \textdagger (encoding TS1) on i
nput line 133.
LaTeX Encoding Info:    Redeclaring text symbol \textdaggerdbl (encoding TS1) o
n input line 134.
LaTeX Encoding Info:    Redeclaring text symbol \textbardbl (encoding TS1) on i
nput line 135.
LaTeX Encoding Info:    Redeclaring text symbol \textperthousand (encoding TS1)
 on input line 136.
LaTeX Encoding Info:    Redeclaring text symbol \textbullet (encoding TS1) on i
nput line 137.
LaTeX Encoding Info:    Redeclaring text symbol \textcelsius (encoding TS1) on 
input line 138.
LaTeX Encoding Info:    Redeclaring text symbol \textdollaroldstyle (encoding T
S1) on input line 139.
LaTeX Encoding Info:    Redeclaring text symbol \textcentoldstyle (encoding TS1
) on input line 140.
LaTeX Encoding Info:    Redeclaring text symbol \textflorin (encoding TS1) on i
nput line 141.
LaTeX Encoding Info:    Redeclaring text symbol \textcolonmonetary (encoding TS
1) on input line 142.
LaTeX Encoding Info:    Redeclaring text symbol \textwon (encoding TS1) on inpu
t line 143.
LaTeX Encoding Info:    Redeclaring text symbol \textnaira (encoding TS1) on in
put line 144.
LaTeX Encoding Info:    Redeclaring text symbol \textguarani (encoding TS1) on 
input line 145.
LaTeX Encoding Info:    Redeclaring text symbol \textpeso (encoding TS1) on inp
ut line 146.
LaTeX Encoding Info:    Redeclaring text symbol \textlira (encoding TS1) on inp
ut line 147.
LaTeX Encoding Info:    Redeclaring text symbol \textrecipe (encoding TS1) on i
nput line 148.
LaTeX Encoding Info:    Redeclaring text symbol \textinterrobang (encoding TS1)
 on input line 149.
LaTeX Encoding Info:    Redeclaring text symbol \textinterrobangdown (encoding 
TS1) on input line 150.
LaTeX Encoding Info:    Redeclaring text symbol \textdong (encoding TS1) on inp
ut line 151.
LaTeX Encoding Info:    Redeclaring text symbol \texttrademark (encoding TS1) o
n input line 152.
LaTeX Encoding Info:    Redeclaring text symbol \textpertenthousand (encoding T
S1) on input line 153.
LaTeX Encoding Info:    Redeclaring text symbol \textpilcrow (encoding TS1) on 
input line 154.
LaTeX Encoding Info:    Redeclaring text symbol \textbaht (encoding TS1) on inp
ut line 155.
LaTeX Encoding Info:    Redeclaring text symbol \textnumero (encoding TS1) on i
nput line 156.
LaTeX Encoding Info:    Redeclaring text symbol \textdiscount (encoding TS1) on
 input line 157.
LaTeX Encoding Info:    Redeclaring text symbol \textestimated (encoding TS1) o
n input line 158.
LaTeX Encoding Info:    Redeclaring text symbol \textopenbullet (encoding TS1) 
on input line 159.
LaTeX Encoding Info:    Redeclaring text symbol \textservicemark (encoding TS1)
 on input line 160.
LaTeX Encoding Info:    Redeclaring text symbol \textlquill (encoding TS1) on i
nput line 161.
LaTeX Encoding Info:    Redeclaring text symbol \textrquill (encoding TS1) on i
nput line 162.
LaTeX Encoding Info:    Redeclaring text symbol \textcent (encoding TS1) on inp
ut line 163.
LaTeX Encoding Info:    Redeclaring text symbol \textsterling (encoding TS1) on
 input line 164.
LaTeX Encoding Info:    Redeclaring text symbol \textcurrency (encoding TS1) on
 input line 165.
LaTeX Encoding Info:    Redeclaring text symbol \textyen (encoding TS1) on inpu
t line 166.
LaTeX Encoding Info:    Redeclaring text symbol \textbrokenbar (encoding TS1) o
n input line 167.
LaTeX Encoding Info:    Redeclaring text symbol \textsection (encoding TS1) on 
input line 168.
LaTeX Encoding Info:    Redeclaring text symbol \textasciidieresis (encoding TS
1) on input line 169.
LaTeX Encoding Info:    Redeclaring text symbol \textcopyright (encoding TS1) o
n input line 170.
LaTeX Encoding Info:    Redeclaring text symbol \textordfeminine (encoding TS1)
 on input line 171.
LaTeX Encoding Info:    Redeclaring text symbol \textcopyleft (encoding TS1) on
 input line 172.
LaTeX Encoding Info:    Redeclaring text symbol \textlnot (encoding TS1) on inp
ut line 173.
LaTeX Encoding Info:    Redeclaring text symbol \textcircledP (encoding TS1) on
 input line 174.
LaTeX Encoding Info:    Redeclaring text symbol \textregistered (encoding TS1) 
on input line 175.
LaTeX Encoding Info:    Redeclaring text symbol \textasciimacron (encoding TS1)
 on input line 176.
LaTeX Encoding Info:    Redeclaring text symbol \textdegree (encoding TS1) on i
nput line 177.
LaTeX Encoding Info:    Redeclaring text symbol \textpm (encoding TS1) on input
 line 178.
LaTeX Encoding Info:    Redeclaring text symbol \texttwosuperior (encoding TS1)
 on input line 179.
LaTeX Encoding Info:    Redeclaring text symbol \textthreesuperior (encoding TS
1) on input line 180.
LaTeX Encoding Info:    Redeclaring text symbol \textasciiacute (encoding TS1) 
on input line 181.
LaTeX Encoding Info:    Redeclaring text symbol \textmu (encoding TS1) on input
 line 182.
LaTeX Encoding Info:    Redeclaring text symbol \textparagraph (encoding TS1) o
n input line 183.
LaTeX Encoding Info:    Redeclaring text symbol \textperiodcentered (encoding T
S1) on input line 184.
LaTeX Encoding Info:    Redeclaring text symbol \textreferencemark (encoding TS
1) on input line 185.
LaTeX Encoding Info:    Redeclaring text symbol \textonesuperior (encoding TS1)
 on input line 186.
LaTeX Encoding Info:    Redeclaring text symbol \textordmasculine (encoding TS1
) on input line 187.
LaTeX Encoding Info:    Redeclaring text symbol \textsurd (encoding TS1) on inp
ut line 188.
LaTeX Encoding Info:    Redeclaring text symbol \textonequarter (encoding TS1) 
on input line 189.
LaTeX Encoding Info:    Redeclaring text symbol \textonehalf (encoding TS1) on 
input line 190.
LaTeX Encoding Info:    Redeclaring text symbol \textthreequarters (encoding TS
1) on input line 191.
LaTeX Encoding Info:    Redeclaring text symbol \texteuro (encoding TS1) on inp
ut line 192.
LaTeX Encoding Info:    Redeclaring text symbol \texttimes (encoding TS1) on in
put line 193.
LaTeX Encoding Info:    Redeclaring text symbol \textdiv (encoding TS1) on inpu
t line 194.
))
\g__um_fam_int=\count310
\g__um_fonts_used_int=\count311
\l__um_primecount_int=\count312
\g__um_primekern_muskip=\muskip18

(/usr/local/texlive/2025/texmf-dist/tex/latex/unicode-math/unicode-math-table.t
ex))) (/usr/local/texlive/2025/texmf-dist/tex/latex/lm/lmodern.sty
Package: lmodern 2015/05/01 v1.6.1 Latin Modern Fonts
LaTeX Font Info:    Overwriting symbol font `operators' in version `normal'
(Font)                  OT1/cmr/m/n --> OT1/lmr/m/n on input line 22.
LaTeX Font Info:    Overwriting symbol font `letters' in version `normal'
(Font)                  OML/cmm/m/it --> OML/lmm/m/it on input line 23.
LaTeX Font Info:    Overwriting symbol font `symbols' in version `normal'
(Font)                  OMS/cmsy/m/n --> OMS/lmsy/m/n on input line 24.
LaTeX Font Info:    Overwriting symbol font `largesymbols' in version `normal'
(Font)                  OMX/cmex/m/n --> OMX/lmex/m/n on input line 25.
LaTeX Font Info:    Overwriting symbol font `operators' in version `bold'
(Font)                  OT1/cmr/bx/n --> OT1/lmr/bx/n on input line 26.
LaTeX Font Info:    Overwriting symbol font `letters' in version `bold'
(Font)                  OML/cmm/b/it --> OML/lmm/b/it on input line 27.
LaTeX Font Info:    Overwriting symbol font `symbols' in version `bold'
(Font)                  OMS/cmsy/b/n --> OMS/lmsy/b/n on input line 28.
LaTeX Font Info:    Overwriting symbol font `largesymbols' in version `bold'
(Font)                  OMX/cmex/m/n --> OMX/lmex/m/n on input line 29.
LaTeX Font Info:    Overwriting math alphabet `\mathbf' in version `normal'
(Font)                  OT1/cmr/bx/n --> OT1/lmr/bx/n on input line 31.
LaTeX Font Info:    Overwriting math alphabet `\mathsf' in version `normal'
(Font)                  OT1/cmss/m/n --> OT1/lmss/m/n on input line 32.
LaTeX Font Info:    Overwriting math alphabet `\mathit' in version `normal'
(Font)                  OT1/cmr/m/it --> OT1/lmr/m/it on input line 33.
LaTeX Font Info:    Overwriting math alphabet `\mathtt' in version `normal'
(Font)                  OT1/cmtt/m/n --> OT1/lmtt/m/n on input line 34.
LaTeX Font Info:    Overwriting math alphabet `\mathbf' in version `bold'
(Font)                  OT1/cmr/bx/n --> OT1/lmr/bx/n on input line 35.
LaTeX Font Info:    Overwriting math alphabet `\mathsf' in version `bold'
(Font)                  OT1/cmss/bx/n --> OT1/lmss/bx/n on input line 36.
LaTeX Font Info:    Overwriting math alphabet `\mathit' in version `bold'
(Font)                  OT1/cmr/bx/it --> OT1/lmr/bx/it on input line 37.
LaTeX Font Info:    Overwriting math alphabet `\mathtt' in version `bold'
(Font)                  OT1/cmtt/m/n --> OT1/lmtt/m/n on input line 38.
) (/usr/local/texlive/2025/texmf-dist/tex/latex/upquote/upquote.sty
Package: upquote 2012/04/19 v1.3 upright-quote and grave-accent glyphs in verba
tim
(/usr/local/texlive/2025/texmf-dist/tex/latex/base/textcomp.sty
Package: textcomp 2024/04/24 v2.1b Standard LaTeX package
)) (/usr/local/texlive/2025/texmf-dist/tex/latex/microtype/microtype.sty
Package: microtype 2025/07/09 v3.2b Micro-typographical refinements (RS)
(/usr/local/texlive/2025/texmf-dist/tex/latex/etoolbox/etoolbox.sty
Package: etoolbox 2025/10/02 v2.5m e-TeX tools for LaTeX (JAW)
\etb@tempcnta=\count313
)
\MT@toks=\toks24
\MT@tempbox=\box57
\MT@count=\count314
LaTeX Info: Redefining \noprotrusionifhmode on input line 1087.
LaTeX Info: Redefining \leftprotrusion on input line 1088.
\MT@prot@toks=\toks25
LaTeX Info: Redefining \rightprotrusion on input line 1107.
LaTeX Info: Redefining \textls on input line 1449.
\MT@outer@kern=\dimen169
LaTeX Info: Redefining \microtypecontext on input line 2053.
LaTeX Info: Redefining \textmicrotypecontext on input line 2070.
\MT@listname@count=\count315
(/usr/local/texlive/2025/texmf-dist/tex/latex/microtype/microtype-xetex.def
File: microtype-xetex.def 2025/07/09 v3.2b Definitions specific to xetex (RS)
LaTeX Info: Redefining \lsstyle on input line 443.
LaTeX Info: Redefining \lslig on input line 451.
\MT@outer@space=\skip69
)
Package microtype Info: Loading configuration file microtype.cfg.
(/usr/local/texlive/2025/texmf-dist/tex/latex/microtype/microtype.cfg
File: microtype.cfg 2025/07/09 v3.2b microtype main configuration file (RS)
)
LaTeX Info: Redefining \microtypesetup on input line 3065.
) (/usr/local/texlive/2025/texmf-dist/tex/latex/listings/listings.sty
\lst@mode=\count316
\lst@gtempboxa=\box58
\lst@token=\toks26
\lst@length=\count317
\lst@currlwidth=\dimen170
\lst@column=\count318
\lst@pos=\count319
\lst@lostspace=\dimen171
\lst@width=\dimen172
\lst@newlines=\count320
\lst@lineno=\count321
\lst@maxwidth=\dimen173
(/usr/local/texlive/2025/texmf-dist/tex/latex/listings/lstpatch.sty
File: lstpatch.sty 2025/11/14 1.11b (Carsten Heinz)
) (/usr/local/texlive/2025/texmf-dist/tex/latex/listings/lstmisc.sty
File: lstmisc.sty 2025/11/14 1.11b (Carsten Heinz)
\c@lstnumber=\count322
\lst@skipnumbers=\count323
\lst@framebox=\box59
) (/usr/local/texlive/2025/texmf-dist/tex/latex/listings/listings.cfg
File: listings.cfg 2025/11/14 1.11b listings configuration
))
Package: listings 2025/11/14 1.11b (Carsten Heinz)
==> First Aid for listings.sty no longer applied!
    Expected:
        2024/09/23 1.10c (Carsten Heinz)
    but found:
        2025/11/14 1.11b (Carsten Heinz)
    so I'm assuming it got fixed.
(/usr/local/texlive/2025/texmf-dist/tex/latex/tools/longtable.sty
Package: longtable 2025-10-13 v4.24 Multi-page Table package (DPC)
\LTleft=\skip70
\LTright=\skip71
\LTpre=\skip72
\LTpost=\skip73
\LTchunksize=\count324
\LTcapwidth=\dimen174
\LT@head=\box60
\LT@firsthead=\box61
\LT@foot=\box62
\LT@lastfoot=\box63
\LT@gbox=\box64
\LT@cols=\count325
\LT@rows=\count326
\c@LT@tables=\count327
\c@LT@chunks=\count328
\LT@p@ftn=\toks27
)
Class scrreprt Info: longtable captions redefined on input line 76.
(/usr/local/texlive/2025/texmf-dist/tex/latex/booktabs/booktabs.sty
Package: booktabs 2020/01/12 v1.61803398 Publication quality tables
\heavyrulewidth=\dimen175
\lightrulewidth=\dimen176
\cmidrulewidth=\dimen177
\belowrulesep=\dimen178
\belowbottomsep=\dimen179
\aboverulesep=\dimen180
\abovetopsep=\dimen181
\cmidrulesep=\dimen182
\cmidrulekern=\dimen183
\defaultaddspace=\dimen184
\@cmidla=\count329
\@cmidlb=\count330
\@aboverulesep=\dimen185
\@belowrulesep=\dimen186
\@thisruleclass=\count331
\@lastruleclass=\count332
\@thisrulewidth=\dimen187
) (/usr/local/texlive/2025/texmf-dist/tex/latex/tools/array.sty
Package: array 2025/09/25 v2.6n Tabular extension package (FMi)
\col@sep=\dimen188
\ar@mcellbox=\box65
\extrarowheight=\dimen189
\NC@list=\toks28
\extratabsurround=\skip74
\backup@length=\skip75
\ar@cellbox=\box66
) (/usr/local/texlive/2025/texmf-dist/tex/latex/tools/calc.sty
Package: calc 2025/03/01 v4.3b Infix arithmetic (KKT,FJ)
\calc@Acount=\count333
\calc@Bcount=\count334
\calc@Adimen=\dimen190
\calc@Bdimen=\dimen191
\calc@Askip=\skip76
\calc@Bskip=\skip77
LaTeX Info: Redefining \setlength on input line 86.
LaTeX Info: Redefining \addtolength on input line 87.
\calc@Ccount=\count335
\calc@Cskip=\skip78
) (/usr/local/texlive/2025/texmf-dist/tex/latex/footnotehyper/footnotehyper.sty
Package: footnotehyper 2025/11/15 v1.1f hyperref aware footnote.sty (JFB)
\FNH@notes=\box67
\FNH@width=\dimen192
\FNH@toks=\toks29
) (/usr/local/texlive/2025/texmf-dist/tex/latex/graphics/graphicx.sty
Package: graphicx 2024/12/31 v1.2e Enhanced LaTeX Graphics (DPC,SPQR)
(/usr/local/texlive/2025/texmf-dist/tex/latex/graphics/graphics.sty
Package: graphics 2024/08/06 v1.4g Standard LaTeX Graphics (DPC,SPQR)
(/usr/local/texlive/2025/texmf-dist/tex/latex/graphics/trig.sty
Package: trig 2023/12/02 v1.11 sin cos tan (DPC)
) (/usr/local/texlive/2025/texmf-dist/tex/latex/graphics-cfg/graphics.cfg
File: graphics.cfg 2016/06/04 v1.11 sample graphics configuration
)
Package graphics Info: Driver file: xetex.def on input line 106.
)
\Gin@req@height=\dimen193
\Gin@req@width=\dimen194
)
\pandoc@box=\box68
(/usr/local/texlive/2025/texmf-dist/tex/latex/fvextra/fvextra.sty
Package: fvextra 2025/05/29 v1.13.2 fvextra - extensions and patches for fancyv
rb
(/usr/local/texlive/2025/texmf-dist/tex/latex/fancyvrb/fancyvrb.sty
Package: fancyvrb 2025/07/28 4.6 verbatim text (tvz,hv)
\FV@CodeLineNo=\count336
\FV@InFile=\read2
\FV@TabBox=\box69
\c@FancyVerbLine=\count337
\FV@StepNumber=\count338
\FV@OutFile=\write3
) (/usr/local/texlive/2025/texmf-dist/tex/generic/pdftexcmds/pdftexcmds.sty
Package: pdftexcmds 2020-06-27 v0.33 Utility functions of pdfTeX for LuaTeX (HO
)
(/usr/local/texlive/2025/texmf-dist/tex/generic/infwarerr/infwarerr.sty
Package: infwarerr 2019/12/03 v1.5 Providing info/warning/error messages (HO)
) (/usr/local/texlive/2025/texmf-dist/tex/generic/ltxcmds/ltxcmds.sty
Package: ltxcmds 2023-12-04 v1.26 LaTeX kernel commands for general use (HO)
)
Package pdftexcmds Info: \pdf@primitive is available.
Package pdftexcmds Info: \pdf@ifprimitive is available.
Package pdftexcmds Info: \pdfdraftmode not found.
) (/usr/local/texlive/2025/texmf-dist/tex/latex/lineno/lineno.sty
Package: lineno 2025/05/13 line numbers on paragraphs v5.5
(/usr/local/texlive/2025/texmf-dist/tex/latex/kvoptions/kvoptions.sty
Package: kvoptions 2022-06-15 v3.15 Key value format for package options (HO)
(/usr/local/texlive/2025/texmf-dist/tex/latex/kvsetkeys/kvsetkeys.sty
Package: kvsetkeys 2022-10-05 v1.19 Key value parser (HO)
))
\linenopenalty=\count339
\output=\toks30
\linenoprevgraf=\count340
\linenumbersep=\dimen195
\linenumberwidth=\dimen196
\c@linenumber=\count341
\c@pagewiselinenumber=\count342
\c@LN@truepage=\count343
\c@internallinenumber=\count344
\c@internallinenumbers=\count345
\quotelinenumbersep=\dimen197
\bframerule=\dimen198
\bframesep=\dimen199
\bframebox=\box70
\@LN@amsmath@ams@eqpen=\count346
)
\c@FancyVerbWriteLine=\count347
\c@FancyVerbBufferLine=\count348
\c@FV@TrueTabGroupLevel=\count349
\c@FV@TrueTabCounter=\count350
\FV@TabBox@Group=\box71
\FV@bgcolorstructbox=\box72
\FV@TmpLength=\skip79
\c@FV@HighlightLinesStart=\count351
\c@FV@HighlightLinesStop=\count352
\FV@LoopCount=\count353
\FV@NCharsBox=\box73
\FV@BreakIndent=\dimen256
\FV@BreakIndentNChars=\count354
\FV@BreakSymbolSepLeft=\dimen257
\FV@BreakSymbolSepLeftNChars=\count355
\FV@BreakSymbolSepRight=\dimen258
\FV@BreakSymbolSepRightNChars=\count356
\FV@BreakSymbolIndentLeft=\dimen259
\FV@BreakSymbolIndentLeftNChars=\count357
\FV@BreakSymbolIndentRight=\dimen260
\FV@BreakSymbolIndentRightNChars=\count358
\c@FancyVerbLineBreakLast=\count359
\FV@LineBox=\box74
\FV@LineIndentBox=\box75
\c@FV@BreakBufferDepth=\count360
\FV@LineWidth=\dimen261
) (/usr/local/texlive/2025/texmf-dist/tex/latex/enumitem/enumitem.sty
Package: enumitem 2025/02/06 v3.11 Customized lists
\labelindent=\skip80
\enit@outerparindent=\dimen262
\enit@toks=\toks31
\enit@inbox=\box76
\enit@count@id=\count361
\enitdp@description=\count362
) (/usr/local/texlive/2025/texmf-dist/tex/latex/inconsolata/inconsolata.sty
Package: inconsolata 2019/05/17 v1.12
`inconsolata-zi4' v1.12, 2019/05/17 Text macros for Inconsolata (msharpe) (/usr
/local/texlive/2025/texmf-dist/tex/latex/xkeyval/xkeyval.sty
Package: xkeyval 2025/11/04 v2.10 package option processing (HA)
(/usr/local/texlive/2025/texmf-dist/tex/generic/xkeyval/xkeyval.tex (/usr/local
/texlive/2025/texmf-dist/tex/generic/xkeyval/xkvutils.tex
\XKV@toks=\toks32
\XKV@tempa@toks=\toks33
\XKV@tempb@toks=\toks34
)
\XKV@depth=\count363
File: xkeyval.tex 2014/12/03 v2.7a key=value parser (HA)
))
\zifour@ocount=\count364
) (/usr/local/texlive/2025/texmf-dist/tex/latex/float/float.sty
Package: float 2001/11/08 v1.3d Float enhancements (AL)
\c@float@type=\count365
\float@exts=\toks35
\float@box=\box77
\@float@everytoks=\toks36
\@floatcapt=\box78
) (/usr/local/texlive/2025/texmf-dist/tex/latex/base/fontenc.sty
Package: fontenc 2025/07/18 v2.1d Standard LaTeX package
LaTeX Font Info:    Trying to load font information for T1+lmr on input line 11
6.
(/usr/local/texlive/2025/texmf-dist/tex/latex/lm/t1lmr.fd
File: t1lmr.fd 2015/05/01 v1.6.1 Font defs for Latin Modern
)) (/usr/local/texlive/2025/texmf-dist/tex/latex/psnfss/helvet.sty
Package: helvet 2020/03/25 PSNFSS-v9.3 (WaS) 
) (/usr/local/texlive/2025/texmf-dist/tex/latex/multirow/multirow.sty
Package: multirow 2024/11/12 v2.9 Span multiple rows of a table
\multirow@colwidth=\skip81
\multirow@cntb=\count366
\multirow@dima=\skip82
\bigstrutjot=\dimen263
) (/usr/local/texlive/2025/texmf-dist/tex/latex/wrapfig/wrapfig.sty
\wrapoverhang=\dimen264
\WF@size=\dimen265
\c@WF@wrappedlines=\count367
\WF@box=\box79
\WF@everypar=\toks37
Package: wrapfig 2003/01/31  v 3.6
) (/usr/local/texlive/2025/texmf-dist/tex/latex/colortbl/colortbl.sty
Package: colortbl 2024/10/29 v1.0k Color table columns (DPC)
\everycr=\toks38
\minrowclearance=\skip83
\rownum=\count368
) (/usr/local/texlive/2025/texmf-dist/tex/latex/pdflscape/pdflscape.sty
Package: pdflscape 2025-06-23 v0.14 Display of landscape pages in PDF

(/usr/local/texlive/2025/texmf-dist/tex/latex/pdflscape/pdflscape-nometadata.st
y
Package: pdflscape-nometadata 2025-06-23 v0.14 Display of landscape pages in PD
F (HO)
(/usr/local/texlive/2025/texmf-dist/tex/latex/graphics/lscape.sty
Package: lscape 2020/05/28 v3.02 Landscape Pages (DPC)
)
Package pdflscape Info: Auto-detected driver: dvipdfm (xetex) on input line 98.

)) (/usr/local/texlive/2025/texmf-dist/tex/latex/tabu/tabu.sty
Package: tabu 2019/01/11 v2.9 - flexible LaTeX tabulars (FC+tabu-fixed)
(/usr/local/texlive/2025/texmf-dist/tex/latex/varwidth/varwidth.sty
Package: varwidth 2009/03/30 ver 0.92;  Variable-width minipages
\@vwid@box=\box80
\sift@deathcycles=\count369
\@vwid@loff=\dimen266
\@vwid@roff=\dimen267
)
==> First Aid for varwidth.sty applied!
\c@taburow=\count370
\tabu@nbcols=\count371
\tabu@cnt=\count372
\tabu@Xcol=\count373
\tabu@alloc=\count374
\tabu@nested=\count375
\tabu@target=\dimen268
\tabu@spreadtarget=\dimen269
\tabu@naturalX=\dimen270
\tabucolX=\dimen271
\tabu@Xsum=\dimen272
\extrarowdepth=\dimen273
\abovetabulinesep=\dimen274
\belowtabulinesep=\dimen275
\tabustrutrule=\dimen276
\tabu@thebody=\toks39
\tabu@footnotes=\toks40
\tabu@box=\box81
\tabu@arstrutbox=\box82
\tabu@hleads=\box83
\tabu@vleads=\box84
\tabu@cellskip=\skip84
)
(/usr/local/texlive/2025/texmf-dist/tex/latex/threeparttable/threeparttable.sty
Package: threeparttable 2003/06/13  v 3.0
\@tempboxb=\box85
)
(/usr/local/texlive/2025/texmf-dist/tex/latex/threeparttablex/threeparttablex.s
ty
Package: threeparttablex 2013/07/23 v0.3 by daleif
(/usr/local/texlive/2025/texmf-dist/tex/latex/environ/environ.sty
Package: environ 2014/05/04 v0.3 A new way to define environments
(/usr/local/texlive/2025/texmf-dist/tex/latex/trimspaces/trimspaces.sty
Package: trimspaces 2009/09/17 v1.1 Trim spaces around a token list
))
\TPTL@width=\skip85
) (/usr/local/texlive/2025/texmf-dist/tex/generic/ulem/ulem.sty
\UL@box=\box86
\UL@hyphenbox=\box87
\UL@skip=\skip86
\UL@hook=\toks41
\UL@height=\dimen277
\UL@pe=\count376
\UL@pixel=\dimen278
\ULC@box=\box88
Package: ulem 2019/11/18
\ULdepth=\dimen279
) (/usr/local/texlive/2025/texmf-dist/tex/latex/makecell/makecell.sty
Package: makecell 2009/08/03 V0.1e Managing of Tab Column Heads and Cells
\rotheadsize=\dimen280
\c@nlinenum=\count377
\TeXr@lab=\toks42
) (/usr/local/texlive/2025/texmf-dist/tex/latex/tcolorbox/tcolorbox.sty
Package: tcolorbox 2025/11/28 version 6.9.0 text color boxes
(/usr/local/texlive/2025/texmf-dist/tex/latex/pgf/frontendlayer/tikz.sty (/usr/
local/texlive/2025/texmf-dist/tex/latex/pgf/basiclayer/pgf.sty (/usr/local/texl
ive/2025/texmf-dist/tex/latex/pgf/utilities/pgfrcs.sty
(/usr/local/texlive/2025/texmf-dist/tex/generic/pgf/utilities/pgfutil-common.te
x
\pgfutil@everybye=\toks43
\pgfutil@tempdima=\dimen281
\pgfutil@tempdimb=\dimen282
)
(/usr/local/texlive/2025/texmf-dist/tex/generic/pgf/utilities/pgfutil-latex.def
\pgfutil@abb=\box89
) (/usr/local/texlive/2025/texmf-dist/tex/generic/pgf/utilities/pgfrcs.code.tex
(/usr/local/texlive/2025/texmf-dist/tex/generic/pgf/pgf.revision.tex)
Package: pgfrcs 2025-08-29 v3.1.11a (3.1.11a)
))
Package: pgf 2025-08-29 v3.1.11a (3.1.11a)
(/usr/local/texlive/2025/texmf-dist/tex/latex/pgf/basiclayer/pgfcore.sty (/usr/
local/texlive/2025/texmf-dist/tex/latex/pgf/systemlayer/pgfsys.sty
(/usr/local/texlive/2025/texmf-dist/tex/generic/pgf/systemlayer/pgfsys.code.tex
Package: pgfsys 2025-08-29 v3.1.11a (3.1.11a)
(/usr/local/texlive/2025/texmf-dist/tex/generic/pgf/utilities/pgfkeys.code.tex
\pgfkeys@pathtoks=\toks44
\pgfkeys@temptoks=\toks45

(/usr/local/texlive/2025/texmf-dist/tex/generic/pgf/utilities/pgfkeyslibraryfil
tered.code.tex
\pgfkeys@tmptoks=\toks46
))
\pgf@x=\dimen283
\pgf@y=\dimen284
\pgf@xa=\dimen285
\pgf@ya=\dimen286
\pgf@xb=\dimen287
\pgf@yb=\dimen288
\pgf@xc=\dimen289
\pgf@yc=\dimen290
\pgf@xd=\dimen291
\pgf@yd=\dimen292
\w@pgf@writea=\write4
\r@pgf@reada=\read3
\c@pgf@counta=\count378
\c@pgf@countb=\count379
\c@pgf@countc=\count380
\c@pgf@countd=\count381
\t@pgf@toka=\toks47
\t@pgf@tokb=\toks48
\t@pgf@tokc=\toks49
\pgf@sys@id@count=\count382
(/usr/local/texlive/2025/texmf-dist/tex/generic/pgf/systemlayer/pgf.cfg
File: pgf.cfg 2025-08-29 v3.1.11a (3.1.11a)
)
Driver file for pgf: pgfsys-xetex.def

(/usr/local/texlive/2025/texmf-dist/tex/generic/pgf/systemlayer/pgfsys-xetex.de
f
File: pgfsys-xetex.def 2025-08-29 v3.1.11a (3.1.11a)

(/usr/local/texlive/2025/texmf-dist/tex/generic/pgf/systemlayer/pgfsys-dvipdfmx
.def
File: pgfsys-dvipdfmx.def 2025-08-29 v3.1.11a (3.1.11a)

(/usr/local/texlive/2025/texmf-dist/tex/generic/pgf/systemlayer/pgfsys-common-p
df.def
File: pgfsys-common-pdf.def 2025-08-29 v3.1.11a (3.1.11a)
)
\pgfsys@objnum=\count383
)))
(/usr/local/texlive/2025/texmf-dist/tex/generic/pgf/systemlayer/pgfsyssoftpath.
code.tex
File: pgfsyssoftpath.code.tex 2025-08-29 v3.1.11a (3.1.11a)
\pgfsyssoftpath@smallbuffer@items=\count384
\pgfsyssoftpath@bigbuffer@items=\count385
)
(/usr/local/texlive/2025/texmf-dist/tex/generic/pgf/systemlayer/pgfsysprotocol.
code.tex
File: pgfsysprotocol.code.tex 2025-08-29 v3.1.11a (3.1.11a)
))
(/usr/local/texlive/2025/texmf-dist/tex/generic/pgf/basiclayer/pgfcore.code.tex
Package: pgfcore 2025-08-29 v3.1.11a (3.1.11a)
(/usr/local/texlive/2025/texmf-dist/tex/generic/pgf/math/pgfmath.code.tex (/usr
/local/texlive/2025/texmf-dist/tex/generic/pgf/math/pgfmathutil.code.tex)
(/usr/local/texlive/2025/texmf-dist/tex/generic/pgf/math/pgfmathparser.code.tex
\pgfmath@dimen=\dimen293
\pgfmath@count=\count386
\pgfmath@box=\box90
\pgfmath@toks=\toks50
\pgfmath@stack@operand=\toks51
\pgfmath@stack@operation=\toks52
)
(/usr/local/texlive/2025/texmf-dist/tex/generic/pgf/math/pgfmathfunctions.code.
tex)
(/usr/local/texlive/2025/texmf-dist/tex/generic/pgf/math/pgfmathfunctions.basic
.code.tex)
(/usr/local/texlive/2025/texmf-dist/tex/generic/pgf/math/pgfmathfunctions.trigo
nometric.code.tex)
(/usr/local/texlive/2025/texmf-dist/tex/generic/pgf/math/pgfmathfunctions.rando
m.code.tex)
(/usr/local/texlive/2025/texmf-dist/tex/generic/pgf/math/pgfmathfunctions.compa
rison.code.tex)
(/usr/local/texlive/2025/texmf-dist/tex/generic/pgf/math/pgfmathfunctions.base.
code.tex)
(/usr/local/texlive/2025/texmf-dist/tex/generic/pgf/math/pgfmathfunctions.round
.code.tex)
(/usr/local/texlive/2025/texmf-dist/tex/generic/pgf/math/pgfmathfunctions.misc.
code.tex)
(/usr/local/texlive/2025/texmf-dist/tex/generic/pgf/math/pgfmathfunctions.integ
erarithmetics.code.tex) (/usr/local/texlive/2025/texmf-dist/tex/generic/pgf/mat
h/pgfmathcalc.code.tex) (/usr/local/texlive/2025/texmf-dist/tex/generic/pgf/mat
h/pgfmathfloat.code.tex
\c@pgfmathroundto@lastzeros=\count387
)) (/usr/local/texlive/2025/texmf-dist/tex/generic/pgf/math/pgfint.code.tex)
(/usr/local/texlive/2025/texmf-dist/tex/generic/pgf/basiclayer/pgfcorepoints.co
de.tex
File: pgfcorepoints.code.tex 2025-08-29 v3.1.11a (3.1.11a)
\pgf@picminx=\dimen294
\pgf@picmaxx=\dimen295
\pgf@picminy=\dimen296
\pgf@picmaxy=\dimen297
\pgf@pathminx=\dimen298
\pgf@pathmaxx=\dimen299
\pgf@pathminy=\dimen300
\pgf@pathmaxy=\dimen301
\pgf@xx=\dimen302
\pgf@xy=\dimen303
\pgf@yx=\dimen304
\pgf@yy=\dimen305
\pgf@zx=\dimen306
\pgf@zy=\dimen307
)
(/usr/local/texlive/2025/texmf-dist/tex/generic/pgf/basiclayer/pgfcorepathconst
ruct.code.tex
File: pgfcorepathconstruct.code.tex 2025-08-29 v3.1.11a (3.1.11a)
\pgf@path@lastx=\dimen308
\pgf@path@lasty=\dimen309
)
(/usr/local/texlive/2025/texmf-dist/tex/generic/pgf/basiclayer/pgfcorepathusage
.code.tex
File: pgfcorepathusage.code.tex 2025-08-29 v3.1.11a (3.1.11a)
\pgf@shorten@end@additional=\dimen310
\pgf@shorten@start@additional=\dimen311
)
(/usr/local/texlive/2025/texmf-dist/tex/generic/pgf/basiclayer/pgfcorescopes.co
de.tex
File: pgfcorescopes.code.tex 2025-08-29 v3.1.11a (3.1.11a)
\pgfpic=\box91
\pgf@hbox=\box92
\pgf@layerbox@main=\box93
\pgf@picture@serial@count=\count388
)
(/usr/local/texlive/2025/texmf-dist/tex/generic/pgf/basiclayer/pgfcoregraphicst
ate.code.tex
File: pgfcoregraphicstate.code.tex 2025-08-29 v3.1.11a (3.1.11a)
\pgflinewidth=\dimen312
)
(/usr/local/texlive/2025/texmf-dist/tex/generic/pgf/basiclayer/pgfcoretransform
ations.code.tex
File: pgfcoretransformations.code.tex 2025-08-29 v3.1.11a (3.1.11a)
\pgf@pt@x=\dimen313
\pgf@pt@y=\dimen314
\pgf@pt@temp=\dimen315
)
(/usr/local/texlive/2025/texmf-dist/tex/generic/pgf/basiclayer/pgfcorequick.cod
e.tex
File: pgfcorequick.code.tex 2025-08-29 v3.1.11a (3.1.11a)
)
(/usr/local/texlive/2025/texmf-dist/tex/generic/pgf/basiclayer/pgfcoreobjects.c
ode.tex
File: pgfcoreobjects.code.tex 2025-08-29 v3.1.11a (3.1.11a)
)
(/usr/local/texlive/2025/texmf-dist/tex/generic/pgf/basiclayer/pgfcorepathproce
ssing.code.tex
File: pgfcorepathprocessing.code.tex 2025-08-29 v3.1.11a (3.1.11a)
)
(/usr/local/texlive/2025/texmf-dist/tex/generic/pgf/basiclayer/pgfcorearrows.co
de.tex
File: pgfcorearrows.code.tex 2025-08-29 v3.1.11a (3.1.11a)
\pgfarrowsep=\dimen316
)
(/usr/local/texlive/2025/texmf-dist/tex/generic/pgf/basiclayer/pgfcoreshade.cod
e.tex
File: pgfcoreshade.code.tex 2025-08-29 v3.1.11a (3.1.11a)
\pgf@max=\dimen317
\pgf@sys@shading@range@num=\count389
\pgf@shadingcount=\count390
)
(/usr/local/texlive/2025/texmf-dist/tex/generic/pgf/basiclayer/pgfcoreimage.cod
e.tex
File: pgfcoreimage.code.tex 2025-08-29 v3.1.11a (3.1.11a)
)
(/usr/local/texlive/2025/texmf-dist/tex/generic/pgf/basiclayer/pgfcoreexternal.
code.tex
File: pgfcoreexternal.code.tex 2025-08-29 v3.1.11a (3.1.11a)
\pgfexternal@startupbox=\box94
)
(/usr/local/texlive/2025/texmf-dist/tex/generic/pgf/basiclayer/pgfcorelayers.co
de.tex
File: pgfcorelayers.code.tex 2025-08-29 v3.1.11a (3.1.11a)
)
(/usr/local/texlive/2025/texmf-dist/tex/generic/pgf/basiclayer/pgfcoretranspare
ncy.code.tex
File: pgfcoretransparency.code.tex 2025-08-29 v3.1.11a (3.1.11a)
)
(/usr/local/texlive/2025/texmf-dist/tex/generic/pgf/basiclayer/pgfcorepatterns.
code.tex
File: pgfcorepatterns.code.tex 2025-08-29 v3.1.11a (3.1.11a)
)
(/usr/local/texlive/2025/texmf-dist/tex/generic/pgf/basiclayer/pgfcorerdf.code.
tex
File: pgfcorerdf.code.tex 2025-08-29 v3.1.11a (3.1.11a)
)))
(/usr/local/texlive/2025/texmf-dist/tex/generic/pgf/modules/pgfmoduleshapes.cod
e.tex
File: pgfmoduleshapes.code.tex 2025-08-29 v3.1.11a (3.1.11a)
\pgfnodeparttextbox=\box95
)
(/usr/local/texlive/2025/texmf-dist/tex/generic/pgf/modules/pgfmoduleplot.code.
tex
File: pgfmoduleplot.code.tex 2025-08-29 v3.1.11a (3.1.11a)
)
(/usr/local/texlive/2025/texmf-dist/tex/latex/pgf/compatibility/pgfcomp-version
-0-65.sty
Package: pgfcomp-version-0-65 2025-08-29 v3.1.11a (3.1.11a)
\pgf@nodesepstart=\dimen318
\pgf@nodesepend=\dimen319
)
(/usr/local/texlive/2025/texmf-dist/tex/latex/pgf/compatibility/pgfcomp-version
-1-18.sty
Package: pgfcomp-version-1-18 2025-08-29 v3.1.11a (3.1.11a)
)) (/usr/local/texlive/2025/texmf-dist/tex/latex/pgf/utilities/pgffor.sty (/usr
/local/texlive/2025/texmf-dist/tex/latex/pgf/utilities/pgfkeys.sty (/usr/local/
texlive/2025/texmf-dist/tex/generic/pgf/utilities/pgfkeys.code.tex)) (/usr/loca
l/texlive/2025/texmf-dist/tex/latex/pgf/math/pgfmath.sty (/usr/local/texlive/20
25/texmf-dist/tex/generic/pgf/math/pgfmath.code.tex)) (/usr/local/texlive/2025/
texmf-dist/tex/generic/pgf/utilities/pgffor.code.tex
Package: pgffor 2025-08-29 v3.1.11a (3.1.11a)
\pgffor@iter=\dimen320
\pgffor@skip=\dimen321
\pgffor@stack=\toks53
\pgffor@toks=\toks54
))
(/usr/local/texlive/2025/texmf-dist/tex/generic/pgf/frontendlayer/tikz/tikz.cod
e.tex
Package: tikz 2025-08-29 v3.1.11a (3.1.11a)

(/usr/local/texlive/2025/texmf-dist/tex/generic/pgf/libraries/pgflibraryplothan
dlers.code.tex
File: pgflibraryplothandlers.code.tex 2025-08-29 v3.1.11a (3.1.11a)
\pgf@plot@mark@count=\count391
\pgfplotmarksize=\dimen322
)
\tikz@lastx=\dimen323
\tikz@lasty=\dimen324
\tikz@lastxsaved=\dimen325
\tikz@lastysaved=\dimen326
\tikz@lastmovetox=\dimen327
\tikz@lastmovetoy=\dimen328
\tikzleveldistance=\dimen329
\tikzsiblingdistance=\dimen330
\tikz@figbox=\box96
\tikz@figbox@bg=\box97
\tikz@tempbox=\box98
\tikz@tempbox@bg=\box99
\tikztreelevel=\count392
\tikznumberofchildren=\count393
\tikznumberofcurrentchild=\count394
\tikz@fig@count=\count395

(/usr/local/texlive/2025/texmf-dist/tex/generic/pgf/modules/pgfmodulematrix.cod
e.tex
File: pgfmodulematrix.code.tex 2025-08-29 v3.1.11a (3.1.11a)
\pgfmatrixcurrentrow=\count396
\pgfmatrixcurrentcolumn=\count397
\pgf@matrix@numberofcolumns=\count398
)
\tikz@expandcount=\count399

(/usr/local/texlive/2025/texmf-dist/tex/generic/pgf/frontendlayer/tikz/librarie
s/tikzlibrarytopaths.code.tex
File: tikzlibrarytopaths.code.tex 2025-08-29 v3.1.11a (3.1.11a)
))) (/usr/local/texlive/2025/texmf-dist/tex/latex/tools/verbatim.sty
Package: verbatim 2024-01-22 v1.5x LaTeX2e package for verbatim enhancements
\every@verbatim=\toks55
\verbatim@line=\toks56
\verbatim@in@stream=\read4
)
\tcb@titlebox=\box100
\tcb@upperbox=\box101
\tcb@lowerbox=\box102
\tcb@phantombox=\box103
\c@tcbbreakpart=\count400
\c@tcblayer=\count401
\c@tcolorbox@number=\count402
\l__tcobox_tmpa_box=\box104
\l__tcobox_tmpa_dim=\dimen331
\tcb@temp=\box105
\tcb@temp=\box106
\tcb@temp=\box107
\tcb@temp=\box108
(/usr/local/texlive/2025/texmf-dist/tex/latex/tcolorbox/tcbskins.code.tex
Library (tcolorbox): 'tcbskins.code.tex' version '6.9.0'
(/usr/local/texlive/2025/texmf-dist/tex/latex/tikzfill/tikzfill.image.sty
Package: tikzfill.image 2023/08/08 v1.0.1 Image filling library for TikZ
(/usr/local/texlive/2025/texmf-dist/tex/latex/tikzfill/tikzfill-common.sty
Package: tikzfill-common 2023/08/08 v1.0.1 Auxiliary code for tikzfill
)
(/usr/local/texlive/2025/texmf-dist/tex/latex/tikzfill/tikzlibraryfill.image.co
de.tex
File: tikzlibraryfill.image.code.tex 2023/08/08 v1.0.1 Image filling library
\l__tikzfill_img_box=\box109
))
(/usr/local/texlive/2025/texmf-dist/tex/latex/tcolorbox/tcbskinsjigsaw.code.tex
Library (tcolorbox): 'tcbskinsjigsaw.code.tex' version '6.9.0'
)) (/usr/local/texlive/2025/texmf-dist/tex/latex/tcolorbox/tcbbreakable.code.te
x
Library (tcolorbox): 'tcbbreakable.code.tex' version '6.9.0'
(/usr/local/texlive/2025/texmf-dist/tex/latex/pdfcol/pdfcol.sty
Package: pdfcol 2022-09-21 v1.7 Handle new color stacks for pdfTeX (HO)
Package pdfcol Info: Interface disabled because of missing PDF mode of pdfTeX.
)
Package pdfcol Info: pdfTeX's color stacks are not available.
\tcb@testbox=\box110
\tcb@totalupperbox=\box111
\tcb@totallowerbox=\box112
)) (/usr/local/texlive/2025/texmf-dist/tex/latex/fontawesome5/fontawesome5.sty
Package: fontawesome5 2022/05/02 v5.15.4 Font Awesome 5

(/usr/local/texlive/2025/texmf-dist/tex/latex/fontawesome5/fontawesome5-utex-he
lper.sty
Package: fontawesome5-utex-helper 2022/05/02 v5.15.4 uTeX helper for fontawesom
e5
LaTeX Font Info:    Trying to load font information for TU+fontawesomefree on i
nput line 69.

(/usr/local/texlive/2025/texmf-dist/tex/latex/fontawesome5/tufontawesomefree.fd
)
LaTeX Font Info:    Trying to load font information for TU+fontawesomebrands on
 input line 70.

(/usr/local/texlive/2025/texmf-dist/tex/latex/fontawesome5/tufontawesomebrands.
fd))) (/usr/local/texlive/2025/texmf-dist/tex/latex/bookmark/bookmark.sty
Package: bookmark 2023-12-10 v1.31 PDF bookmarks (HO)
(/usr/local/texlive/2025/texmf-dist/tex/latex/hyperref/hyperref.sty
Package: hyperref 2025-07-12 v7.01o Hypertext links for LaTeX
(/usr/local/texlive/2025/texmf-dist/tex/generic/kvdefinekeys/kvdefinekeys.sty
Package: kvdefinekeys 2019-12-19 v1.6 Define keys (HO)
) (/usr/local/texlive/2025/texmf-dist/tex/generic/pdfescape/pdfescape.sty
Package: pdfescape 2019/12/09 v1.15 Implements pdfTeX's escape features (HO)
) (/usr/local/texlive/2025/texmf-dist/tex/latex/hycolor/hycolor.sty
Package: hycolor 2020-01-27 v1.10 Color options for hyperref/bookmark (HO)
) (/usr/local/texlive/2025/texmf-dist/tex/latex/hyperref/nameref.sty
Package: nameref 2025-06-21 v2.57 Cross-referencing by name of section
(/usr/local/texlive/2025/texmf-dist/tex/latex/refcount/refcount.sty
Package: refcount 2019/12/15 v3.6 Data extraction from label references (HO)
)
(/usr/local/texlive/2025/texmf-dist/tex/generic/gettitlestring/gettitlestring.s
ty
Package: gettitlestring 2019/12/15 v1.6 Cleanup title references (HO)
)
\c@section@level=\count403
) (/usr/local/texlive/2025/texmf-dist/tex/generic/stringenc/stringenc.sty
Package: stringenc 2019/11/29 v1.12 Convert strings between diff. encodings (HO
)
)
\@linkdim=\dimen332
\Hy@linkcounter=\count404
\Hy@pagecounter=\count405
(/usr/local/texlive/2025/texmf-dist/tex/latex/hyperref/pd1enc.def
File: pd1enc.def 2025-07-12 v7.01o Hyperref: PDFDocEncoding definition (HO)
) (/usr/local/texlive/2025/texmf-dist/tex/generic/intcalc/intcalc.sty
Package: intcalc 2019/12/15 v1.3 Expandable calculations with integers (HO)
)
\Hy@SavedSpaceFactor=\count406
(/usr/local/texlive/2025/texmf-dist/tex/latex/hyperref/puenc.def
File: puenc.def 2025-07-12 v7.01o Hyperref: PDF Unicode definition (HO)
)
Package hyperref Info: Option `unicode' set `true' on input line 4066.
Package hyperref Info: Hyper figures OFF on input line 4195.
Package hyperref Info: Link nesting OFF on input line 4200.
Package hyperref Info: Hyper index ON on input line 4203.
Package hyperref Info: Plain pages OFF on input line 4210.
Package hyperref Info: Backreferencing OFF on input line 4215.
Package hyperref Info: Implicit mode ON; LaTeX internals redefined.
Package hyperref Info: Bookmarks ON on input line 4462.
\c@Hy@tempcnt=\count407
(/usr/local/texlive/2025/texmf-dist/tex/latex/url/url.sty
\Urlmuskip=\muskip19
Package: url 2013/09/16  ver 3.4  Verb mode for urls, etc.
)
LaTeX Info: Redefining \url on input line 4801.
\XeTeXLinkMargin=\dimen333
(/usr/local/texlive/2025/texmf-dist/tex/generic/bitset/bitset.sty
Package: bitset 2019/12/09 v1.3 Handle bit-vector datatype (HO)
(/usr/local/texlive/2025/texmf-dist/tex/generic/bigintcalc/bigintcalc.sty
Package: bigintcalc 2019/12/15 v1.5 Expandable calculations on big integers (HO
)
))
\Fld@menulength=\count408
\Field@Width=\dimen334
\Fld@charsize=\dimen335
Package hyperref Info: Hyper figures OFF on input line 6078.
Package hyperref Info: Link nesting OFF on input line 6083.
Package hyperref Info: Hyper index ON on input line 6086.
Package hyperref Info: backreferencing OFF on input line 6093.
Package hyperref Info: Link coloring OFF on input line 6098.
Package hyperref Info: Link coloring with OCG OFF on input line 6103.
Package hyperref Info: PDF/A mode OFF on input line 6108.
\Hy@abspage=\count409
\c@Item=\count410
\c@Hfootnote=\count411
)
Package hyperref Info: Driver (autodetected): hxetex.
(/usr/local/texlive/2025/texmf-dist/tex/latex/hyperref/hxetex.def
File: hxetex.def 2025-07-12 v7.01o Hyperref driver for XeTeX
\pdfm@box=\box113
\c@Hy@AnnotLevel=\count412
\HyField@AnnotCount=\count413
\Fld@listcount=\count414
\c@bookmark@seq@number=\count415

(/usr/local/texlive/2025/texmf-dist/tex/latex/rerunfilecheck/rerunfilecheck.sty
Package: rerunfilecheck 2025-06-21 v1.11 Rerun checks for auxiliary files (HO)

(/usr/local/texlive/2025/texmf-dist/tex/generic/uniquecounter/uniquecounter.sty
Package: uniquecounter 2019/12/15 v1.4 Provide unlimited unique counter (HO)
)
Package uniquecounter Info: New unique counter `rerunfilecheck' on input line 2
84.
)
\Hy@SectionHShift=\skip87
) (/usr/local/texlive/2025/texmf-dist/tex/latex/bookmark/bkm-dvipdfm.def
File: bkm-dvipdfm.def 2023-12-10 v1.31 bookmark driver for dvipdfm (HO)
\BKM@id=\count416
)) (/usr/local/texlive/2025/texmf-dist/tex/latex/caption/caption.sty
Package: caption 2023/08/05 v3.6o Customizing captions (AR)

Package tocbasic Info: Loading of class-dependent code for package caption3
(tocbasic)             prevented on line 50.

(/usr/local/texlive/2025/texmf-dist/tex/latex/caption/caption3.sty
Package: caption3 2023/07/31 v2.4d caption3 kernel (AR)
\caption@tempdima=\dimen336
\captionmargin=\dimen337
\caption@leftmargin=\dimen338
\caption@rightmargin=\dimen339
\caption@width=\dimen340
\caption@indent=\dimen341
\caption@parindent=\dimen342
\caption@hangindent=\dimen343
)
\c@caption@flags=\count417
\c@continuedfloat=\count418
Package caption Info: float package is loaded.
Package caption Info: hyperref package is loaded.
Package caption Info: listings package is loaded.
Package caption Info: longtable package is loaded.
(/usr/local/texlive/2025/texmf-dist/tex/latex/caption/ltcaption.sty
Package: ltcaption 2021/01/08 v1.4c longtable captions (AR)
)
Package caption Info: threeparttable package is loaded.
Package caption Info: wrapfig package is loaded.
) (/usr/local/texlive/2025/texmf-dist/tex/latex/caption/subcaption.sty
Package: subcaption 2023/07/28 v1.6b Sub-captions (AR)
Package caption Info: New subtype `subfigure' on input line 238.
\c@subfigure=\count419
Package caption Info: New subtype `subtable' on input line 238.
\c@subtable=\count420
) (/usr/local/texlive/2025/texmf-dist/tex/latex/xurl/xurl.sty
Package: xurl 2022/01/09 v 0.10 modify URL breaks
)
Package hyperref Info: Option `colorlinks' set `true' on input line 229.
LaTeX Font Info:    Trying to load font information for T1+phv on input line 23
5.
(/usr/local/texlive/2025/texmf-dist/tex/latex/psnfss/t1phv.fd
File: t1phv.fd 2020/03/25 scalable font definitions for T1/phv.
)
LaTeX Font Info:    Font shape `T1/phv/m/n' will be
(Font)              scaled to size 11.39996pt on input line 235.
No file index.aux.
\openout1 = `index.aux'.

LaTeX Font Info:    Checking defaults for OML/cmm/m/it on input line 235.
LaTeX Font Info:    ... okay on input line 235.
LaTeX Font Info:    Checking defaults for OMS/cmsy/m/n on input line 235.
LaTeX Font Info:    ... okay on input line 235.
LaTeX Font Info:    Checking defaults for OT1/cmr/m/n on input line 235.
LaTeX Font Info:    ... okay on input line 235.
LaTeX Font Info:    Checking defaults for T1/cmr/m/n on input line 235.
LaTeX Font Info:    ... okay on input line 235.
LaTeX Font Info:    Checking defaults for TS1/cmr/m/n on input line 235.
LaTeX Font Info:    ... okay on input line 235.
LaTeX Font Info:    Checking defaults for TU/lmr/m/n on input line 235.
LaTeX Font Info:    ... okay on input line 235.
LaTeX Font Info:    Checking defaults for OMX/cmex/m/n on input line 235.
LaTeX Font Info:    ... okay on input line 235.
LaTeX Font Info:    Checking defaults for U/cmr/m/n on input line 235.
LaTeX Font Info:    ... okay on input line 235.
LaTeX Font Info:    Checking defaults for PD1/pdf/m/n on input line 235.
LaTeX Font Info:    ... okay on input line 235.
LaTeX Font Info:    Checking defaults for PU/pdf/m/n on input line 235.
LaTeX Font Info:    ... okay on input line 235.
Package scrbase Info: activating english \abstractname on input line 235.
Package scrbase Info: activating english \partname on input line 235.
Package scrbase Info: activating english \chaptername on input line 235.
Package scrbase Info: activating english \appendixname on input line 235.
Package scrbase Info: activating english \figurename on input line 235.
Package scrbase Info: activating english \tablename on input line 235.
Package scrbase Info: activating english \contentsname on input line 235.
Package scrbase Info: activating english \listfigurename on input line 235.
Package scrbase Info: activating english \listtablename on input line 235.
Package scrbase Info: activating english \bibname on input line 235.
Package scrbase Info: activating english \indexname on input line 235.
*geometry* driver: auto-detecting
*geometry* detected driver: xetex
*geometry* verbose mode - [ preamble ] result:
* driver: xetex
* paper: letterpaper
* layout: <same size as paper>
* layoutoffset:(h,v)=(0.0pt,0.0pt)
* modes: 
* h-part:(L,W,R)=(72.26999pt, 469.75502pt, 72.26999pt)
* v-part:(T,H,B)=(72.26999pt, 650.43001pt, 72.26999pt)
* \paperwidth=614.295pt
* \paperheight=794.96999pt
* \textwidth=469.75502pt
* \textheight=650.43001pt
* \oddsidemargin=0.0pt
* \evensidemargin=0.0pt
* \topmargin=-39.875pt
* \headheight=18.125pt
* \headsep=21.75pt
* \topskip=12.0pt
* \footskip=50.75pt
* \marginparwidth=55.84499pt
* \marginparsep=12.8401pt
* \columnsep=10.0pt
* \skip\footins=10.8pt plus 4.0pt minus 2.0pt
* \hoffset=0.0pt
* \voffset=0.0pt
* \mag=1000
* \@twocolumnfalse
* \@twosidefalse
* \@mparswitchfalse
* \@reversemarginfalse
* (1in=72.27pt=25.4mm, 1cm=28.453pt)

LaTeX Font Info:    Overwriting math alphabet `\mathrm' in version `normal'
(Font)                  OT1/lmr/m/n --> TU/lmr/m/n on input line 235.
LaTeX Font Info:    Overwriting math alphabet `\mathit' in version `normal'
(Font)                  OT1/lmr/m/it --> TU/lmr/m/it on input line 235.
LaTeX Font Info:    Overwriting math alphabet `\mathbf' in version `normal'
(Font)                  OT1/lmr/bx/n --> TU/lmr/bx/n on input line 235.
LaTeX Font Info:    Overwriting math alphabet `\mathsf' in version `normal'
(Font)                  OT1/lmss/m/n --> TU/phv/m/n on input line 235.
LaTeX Font Info:    Overwriting math alphabet `\mathsf' in version `bold'
(Font)                  OT1/lmss/bx/n --> TU/phv/bx/n on input line 235.
LaTeX Font Info:    Overwriting math alphabet `\mathtt' in version `normal'
(Font)                  OT1/lmtt/m/n --> TU/zi4/m/n on input line 235.
LaTeX Font Info:    Overwriting math alphabet `\mathtt' in version `bold'
(Font)                  OT1/lmtt/m/n --> TU/zi4/bx/n on input line 235.

Package fontspec Info: 
(fontspec)             latinmodern-math scale = 1.152770443099781.


Package fontspec Info: 
(fontspec)             latinmodern-math scale = 1.152770443099781.


Package fontspec Info: 
(fontspec)             latinmodern-math scale = 1.152770443099781.


Package fontspec Info: 
(fontspec)             Font family 'latinmodern-math.otf(0)' created for font
(fontspec)             'latinmodern-math.otf' with options
(fontspec)             [Scale=MatchLowercase,BoldItalicFont={},ItalicFont={},Sm
allCapsFont={},Script=Math,BoldFont={latinmodern-math.otf}].
(fontspec)              
(fontspec)              This font family consists of the following NFSS
(fontspec)             series/shapes:
(fontspec)              
(fontspec)             - 'normal' (m/n) with NFSS spec.:
(fontspec)             <->s*[1.152770443099781]"[latinmodern-math.otf]/OT:scrip
t=math;language=dflt;"
(fontspec)             - 'bold' (b/n) with NFSS spec.:
(fontspec)             <->s*[1.152770443099781]"[latinmodern-math.otf]/OT:scrip
t=math;language=dflt;"

LaTeX Font Info:    Trying to load font information for T1+latinmodern-math.otf
(0) on input line 235.
LaTeX Font Info:    No file T1latinmodern-math.otf(0).fd. on input line 235.

LaTeX Font Warning: Font shape `T1/latinmodern-math.otf(0)/m/n' undefined
(Font)              using `T1/cmr/m/n' instead on input line 235.


Package unicode-math Warning: The first font loaded by unicode-math must be an
(unicode-math)                OpenType Math font (with script=math). If you
(unicode-math)                simply want ‘the default’ before loading
(unicode-math)                supplementary fonts over the top for certain
(unicode-math)                ranges, use: 
(unicode-math)                  \setmathfont{latinmodern-math.otf}


Package fontspec Info: 
(fontspec)             latinmodern-math scale = 1.152770443099781.


Package fontspec Info: 
(fontspec)             latinmodern-math scale = 1.152770443099781.


Package fontspec Info: 
(fontspec)             latinmodern-math scale = 1.152770443099781.


Package fontspec Info: 
(fontspec)             latinmodern-math scale = 1.152770443099781.


Package fontspec Info: 
(fontspec)             latinmodern-math scale = 1.152770443099781.


Package fontspec Info: 
(fontspec)             Font family 'latinmodern-math.otf(1)' created for font
(fontspec)             'latinmodern-math.otf' with options
(fontspec)             [Scale=MatchLowercase,BoldItalicFont={},ItalicFont={},Sm
allCapsFont={},Script=Math,SizeFeatures={{Size=0-},{Size=0-0,Font=latinmodern-m
ath.otf,Style=MathScript},{Size=-0,Font=latinmodern-math.otf,Style=MathScriptSc
ript}},BoldFont={latinmodern-math.otf}].
(fontspec)              
(fontspec)              This font family consists of the following NFSS
(fontspec)             series/shapes:
(fontspec)              
(fontspec)             - 'normal' (m/n) with NFSS spec.:
(fontspec)             <0->s*[1.152770443099781]"[latinmodern-math.otf]/OT:scri
pt=math;language=dflt;"<0-0>s*[1.152770443099781]"[latinmodern-math.otf]/OT:scr
ipt=math;language=dflt;+ssty=0;"<-0>s*[1.152770443099781]"[latinmodern-math.otf
]/OT:script=math;language=dflt;+ssty=1;"
(fontspec)             - 'bold' (b/n) with NFSS spec.:
(fontspec)             <->s*[1.152770443099781]"[latinmodern-math.otf]/OT:scrip
t=math;language=dflt;"

LaTeX Font Info:    Trying to load font information for T1+latinmodern-math.otf
(1) on input line 235.
LaTeX Font Info:    No file T1latinmodern-math.otf(1).fd. on input line 235.

LaTeX Font Warning: Font shape `T1/latinmodern-math.otf(1)/m/n' undefined
(Font)              using `T1/cmr/m/n' instead on input line 235.

LaTeX Font Info:    Encoding `OT1' has changed to `T1' for symbol font
(Font)              `operators' in the math version `normal' on input line 235.

LaTeX Font Info:    Overwriting symbol font `operators' in version `normal'
(Font)                  OT1/lmr/m/n --> T1/latinmodern-math.otf(1)/m/n on input
 line 235.
LaTeX Font Info:    Encoding `OT1' has changed to `T1' for symbol font
(Font)              `operators' in the math version `bold' on input line 235.
LaTeX Font Info:    Overwriting symbol font `operators' in version `bold'
(Font)                  OT1/lmr/bx/n --> T1/latinmodern-math.otf(1)/b/n on inpu
t line 235.
Package microtype Info: Patching varwidth to enable character protrusion.
\MT@vwid@leftmargin=\dimen344
\MT@vwid@rightmargin=\dimen345
LaTeX Info: Redefining \microtypecontext on input line 235.
Package microtype Info: Applying patch `item' on input line 235.
Package microtype Info: Applying patch `toc' on input line 235.
Package microtype Info: Applying patch `eqnum' on input line 235.
Package microtype Info: Applying patch `footnote' on input line 235.
Package microtype Info: Applying patch `verbatim' on input line 235.
LaTeX Info: Redefining \microtypesetup on input line 235.
Package microtype Info: Character protrusion enabled (level 2).
Package microtype Info: Using protrusion set `basicmath'.
Package microtype Info: No adjustment of tracking.
Package microtype Info: No adjustment of spacing.
Package microtype Info: No adjustment of kerning.
Package microtype Info: Loading generic protrusion settings for font family
(microtype)             `phv' (encoding: T1).
(microtype)             For optimal results, create family-specific settings.
(microtype)             See the microtype manual for details.
\c@lstlisting=\count421
Package tocbasic Info: omitting babel extension for `lol'
(tocbasic)             because of missing \bbl@set@language on input line 235.
\scr@dte@lstlisting@maxnumwidth=\skip88
Package hyperref Info: Link coloring ON on input line 235.

Package hyperref Warning: Rerun to get /PageLabels entry.

Package caption Info: Begin \AtBeginDocument code.
Package caption Info: End \AtBeginDocument code.
LaTeX Font Info:    Font shape `T1/phv/b/n' will be
(Font)              scaled to size 11.39996pt on input line 237.
LaTeX Font Info:    Font shape `T1/phv/b/n' will be
(Font)              scaled to size 23.63593pt on input line 237.
LaTeX Font Info:    Font shape `T1/phv/m/n' will be
(Font)              scaled to size 16.41594pt on input line 237.
LaTeX Font Info:    Trying to load font information for OML+lmm on input line 2
37.
(/usr/local/texlive/2025/texmf-dist/tex/latex/lm/omllmm.fd
File: omllmm.fd 2015/05/01 v1.6.1 Font defs for Latin Modern
)
LaTeX Font Info:    Trying to load font information for OMS+lmsy on input line 
237.
(/usr/local/texlive/2025/texmf-dist/tex/latex/lm/omslmsy.fd
File: omslmsy.fd 2015/05/01 v1.6.1 Font defs for Latin Modern
)
LaTeX Font Info:    Trying to load font information for OMX+lmex on input line 
237.
(/usr/local/texlive/2025/texmf-dist/tex/latex/lm/omxlmex.fd
File: omxlmex.fd 2015/05/01 v1.6.1 Font defs for Latin Modern
)
LaTeX Font Info:    External font `lmex10' loaded for size
(Font)              <17.28> on input line 237.
LaTeX Font Info:    External font `lmex10' loaded for size
(Font)              <12> on input line 237.
LaTeX Font Info:    External font `lmex10' loaded for size
(Font)              <10> on input line 237.
LaTeX Font Info:    Trying to load font information for U+msa on input line 237
.
(/usr/local/texlive/2025/texmf-dist/tex/latex/amsfonts/umsa.fd
File: umsa.fd 2013/01/14 v3.01 AMS symbols A
) (/usr/local/texlive/2025/texmf-dist/tex/latex/microtype/mt-msa.cfg
File: mt-msa.cfg 2006/02/04 v1.1 microtype config. file: AMS symbols (a) (RS)
)
LaTeX Font Info:    Trying to load font information for U+msb on input line 237
.
(/usr/local/texlive/2025/texmf-dist/tex/latex/amsfonts/umsb.fd
File: umsb.fd 2013/01/14 v3.01 AMS symbols B
) (/usr/local/texlive/2025/texmf-dist/tex/latex/microtype/mt-msb.cfg
File: mt-msb.cfg 2005/06/01 v1.0 microtype config. file: AMS symbols (b) (RS)
) [1



]
Package tocbasic Info: character protrusion at toc deactivated on input line 24
2.
No file index.toc.
\tf@toc=\write5
\openout5 = `index.toc'.

[2

]
LaTeX Font Info:    Font shape `T1/phv/m/it' in size <12> not available
(Font)              Font shape `T1/phv/m/sl' tried instead on input line 254.
LaTeX Font Info:    Font shape `T1/phv/m/sl' will be
(Font)              scaled to size 11.39996pt on input line 254.
LaTeX Font Info:    Trying to load font information for TS1+phv on input line 2
80.
(/usr/local/texlive/2025/texmf-dist/tex/latex/psnfss/ts1phv.fd
File: ts1phv.fd 2020/03/25 scalable font definitions for TS1/phv.
)
LaTeX Font Info:    Font shape `TS1/phv/m/n' will be
(Font)              scaled to size 11.39996pt on input line 280.
[3

] [4

] [5]
part I.
Package scrkbase Info: You've told me to use the font selection of the element
(scrkbase)             `partprefix' that is an alias of element `partnumber'
(scrkbase)              on input line 373.
[6

]
LaTeX Font Info:    Font shape `T1/phv/b/n' will be
(Font)              scaled to size 16.41594pt on input line 388.

Underfull \hbox (badness 10000) in paragraph at lines 396--398

 []


Underfull \hbox (badness 10000) in paragraph at lines 414--416

 []

[7

]
chapter 1.
LaTeX Font Info:    Font shape `T1/phv/b/n' will be
(Font)              scaled to size 13.67995pt on input line 434.
[8

]

LaTeX Warning: Reference `tbl-boston-marathon' on page 9 undefined on input lin
e 500.


LaTeX Warning: Reference `tbl-boston-marathon' on page 9 undefined on input lin
e 560.


LaTeX Warning: Reference `tbl-boston-marathon' on page 9 undefined on input lin
e 567.


LaTeX Warning: Reference `sec-variables' on page 9 undefined on input line 572.



LaTeX Warning: Reference `tbl-galton' on page 9 undefined on input line 577.

[9]

LaTeX Warning: Reference `tbl-galton' on page 10 undefined on input line 604.


LaTeX Warning: Reference `tbl-boston-marathon' on page 10 undefined on input li
ne 614.


LaTeX Warning: Reference `tbl-boston-marathon' on page 10 undefined on input li
ne 622.


LaTeX Warning: Reference `tbl-galton' on page 10 undefined on input line 625.


LaTeX Warning: Reference `tbl-boston-marathon' on page 10 undefined on input li
ne 636.

[10] (/usr/local/texlive/2025/texmf-dist/tex/latex/listings/lstlang1.sty
File: lstlang1.sty 2025/11/14 1.11b listings language file
) (/usr/local/texlive/2025/texmf-dist/tex/latex/listings/lstlang2.sty
File: lstlang2.sty 2025/11/14 1.11b listings language file
) (/usr/local/texlive/2025/texmf-dist/tex/latex/listings/lstlang3.sty
File: lstlang3.sty 2025/11/14 1.11b listings language file
) [11]
LaTeX Font Info:    Font shape `T1/phv/b/it' in size <17.28> not available
(Font)              Font shape `T1/phv/b/sl' tried instead on input line 718.
LaTeX Font Info:    Font shape `T1/phv/b/sl' will be
(Font)              scaled to size 16.41594pt on input line 718.
[12]

LaTeX Warning: Reference `fig-function-1' on page 13 undefined on input line 77
0.

File: modules/01-data-visualization/../../images/function-1.png Graphic file (t
ype bmp)
<modules/01-data-visualization/../../images/function-1.png>

LaTeX Warning: Reference `fig-function-2' on page 13 undefined on input line 78
6.

File: modules/01-data-visualization/../../images/function-2.png Graphic file (t
ype bmp)
<modules/01-data-visualization/../../images/function-2.png>

LaTeX Warning: Reference `fig-function-3' on page 13 undefined on input line 80
2.

File: modules/01-data-visualization/../../images/function-3.png Graphic file (t
ype bmp)
<modules/01-data-visualization/../../images/function-3.png>

LaTeX Warning: Reference `fig-function-1' on page 13 undefined on input line 81
8.


LaTeX Warning: Reference `fig-function-2' on page 13 undefined on input line 81
8.


LaTeX Warning: Reference `fig-function-3' on page 13 undefined on input line 81
9.


LaTeX Warning: Reference `fig-function-4' on page 13 undefined on input line 82
3.

File: modules/01-data-visualization/../../images/function-4.png Graphic file (t
ype bmp)
<modules/01-data-visualization/../../images/function-4.png>

LaTeX Warning: Reference `fig-function-5' on page 13 undefined on input line 84
3.


LaTeX Warning: Reference `fig-function-5' on page 13 undefined on input line 84
7.

[13] [14]
File: modules/01-data-visualization/../../images/function-5.png Graphic file (t
ype bmp)
<modules/01-data-visualization/../../images/function-5.png>
LaTeX Font Info:    Font shape `T1/phv/b/it' in size <14.4> not available
(Font)              Font shape `T1/phv/b/sl' tried instead on input line 878.
LaTeX Font Info:    Font shape `T1/phv/b/sl' will be
(Font)              scaled to size 13.67995pt on input line 878.

LaTeX Warning: Reference `fig-function-5' on page 15 undefined on input line 89
5.

[15]

LaTeX Warning: Reference `fig-pipe-1' on page 16 undefined on input line 919.

File: modules/01-data-visualization/../../images/pipe-1.png Graphic file (type 
bmp)
<modules/01-data-visualization/../../images/pipe-1.png>

LaTeX Warning: Reference `fig-pipe-2' on page 16 undefined on input line 936.

File: modules/01-data-visualization/../../images/pipe-2.png Graphic file (type 
bmp)
<modules/01-data-visualization/../../images/pipe-2.png>
[16] [17]
Underfull \hbox (badness 2529) in paragraph at lines 1068--1070
[]\T1/phv/m/n/12 The code be-low shows how to com-pute the av-er-age of the \T1
/phv/m/sl/12 time \T1/phv/m/n/12 vari-able in the
 []

[18] [19]

LaTeX Warning: Reference `tbl-no-missing-values' on page 20 undefined on input 
line 1171.


Package longtable Warning: Column widths have changed
(longtable)                in table 1.3 on input line 1198.

ignored error: Infinite glue shrinkage found in box being split [20]

LaTeX Warning: Reference `tbl-missing-values' on page 21 undefined on input lin
e 1200.

[21]
chapter 2.
Missing character: There is no ↔ ("2194) in font phvr8t!
[22

] [23]
File: modules/01-data-visualization/point-plots_files/figure-pdf/fig-price-dema
nd-1.pdf Graphic file (type pdf)
<use modules/01-data-visualization/point-plots_files/figure-pdf/fig-price-deman
d-1.pdf>

LaTeX Warning: Reference `fig-price-demand' on page 24 undefined on input line 
1432.


LaTeX Warning: Reference `fig-price-demand' on page 24 undefined on input line 
1437.

[24]

LaTeX Warning: Reference `fig-price-demand' on page 25 undefined on input line 
1451.

[25]

LaTeX Warning: Reference `fig-price-demand' on page 26 undefined on input line 
1549.


LaTeX Warning: Reference `fig-first-row-price-demand-on-plot' on page 26 undefi
ned on input line 1554.

File: modules/01-data-visualization/../../images/fig-first-row-price-demand-on-
plot.png Graphic file (type bmp)
<modules/01-data-visualization/../../images/fig-first-row-price-demand-on-plot.
png>
[26]

LaTeX Warning: Reference `fig-eleventh-row-price-demand-on-plot' on page 27 und
efined on input line 1602.

File: modules/01-data-visualization/../../images/fig-eleventh-row-price-demand-
on-plot.png Graphic file (type bmp)
<modules/01-data-visualization/../../images/fig-eleventh-row-price-demand-on-pl
ot.png>

LaTeX Warning: Reference `fig-first-point-plot-code' on page 27 undefined on in
put line 1631.


LaTeX Warning: Reference `fig-price-demand' on page 27 undefined on input line 
1633.

[27]

LaTeX Warning: Reference `fig-basic-tilde-expression' on page 28 undefined on i
nput line 1638.

File: modules/01-data-visualization/../../images/fig-first-point-plot-code.png 
Graphic file (type bmp)
<modules/01-data-visualization/../../images/fig-first-point-plot-code.png>
File: modules/01-data-visualization/../../images/fig-basic-tilde-expression.png
 Graphic file (type bmp)
<modules/01-data-visualization/../../images/fig-basic-tilde-expression.png>
[28]

LaTeX Warning: Reference `fig-price-demand-2' on page 29 undefined on input lin
e 1714.

File: modules/01-data-visualization/point-plots_files/figure-pdf/fig-price-dema
nd-2-1.pdf Graphic file (type pdf)
<use modules/01-data-visualization/point-plots_files/figure-pdf/fig-price-deman
d-2-1.pdf>
[29]

LaTeX Warning: Reference `fig-scatter-with-line-segments-1' on page 30 undefine
d on input line 1741.

File: modules/01-data-visualization/../../images/fig-scatter-with-line-segments
-1.png Graphic file (type bmp)
<modules/01-data-visualization/../../images/fig-scatter-with-line-segments-1.pn
g>
[30]

LaTeX Warning: Reference `fig-price-demand-2' on page 31 undefined on input lin
e 1812.


LaTeX Warning: Reference `fig-advertising-sales-channel-1' on page 31 undefined
 on input line 1818.

[31]
File: modules/01-data-visualization/point-plots_files/figure-pdf/fig-advertisin
g-sales-channel-1-1.pdf Graphic file (type pdf)
<use modules/01-data-visualization/point-plots_files/figure-pdf/fig-advertising
-sales-channel-1-1.pdf>

LaTeX Warning: Reference `fig-returns-dpo-1' on page 32 undefined on input line
 1844.

File: modules/01-data-visualization/point-plots_files/figure-pdf/fig-returns-dp
o-1-1.pdf Graphic file (type pdf)
<use modules/01-data-visualization/point-plots_files/figure-pdf/fig-returns-dpo
-1-1.pdf>
[32] [33] [34]

LaTeX Warning: Reference `sec-summarize-function' on page 35 undefined on input
 line 1979.


LaTeX Warning: Reference `fig-price-demand' on page 35 undefined on input line 
1986.


LaTeX Warning: Reference `fig-advertising-sales-channel-1' on page 35 undefined
 on input line 2019.


Overfull \hbox (2.20789pt too wide) in paragraph at lines 2025--2026
[][][][][][][][][][][][][][][][][][][][][][][][][][][][][] 
 []


LaTeX Warning: Reference `fig-price-demand-3' on page 35 undefined on input lin
e 2039.

[35]
File: modules/01-data-visualization/point-plots_files/figure-pdf/fig-price-dema
nd-3-1.pdf Graphic file (type pdf)
<use modules/01-data-visualization/point-plots_files/figure-pdf/fig-price-deman
d-3-1.pdf>

LaTeX Warning: Reference `fig-price-demand-3' on page 36 undefined on input lin
e 2064.


LaTeX Warning: Reference `fig-price-demand-3' on page 36 undefined on input lin
e 2076.

File: modules/01-data-visualization/../../images/fig-production-cost-units-prod
uced.png Graphic file (type bmp)
<modules/01-data-visualization/../../images/fig-production-cost-units-produced.
png>

LaTeX Warning: Reference `fig-production-cost-units-produced' on page 36 undefi
ned on input line 2092.

LaTeX Font Info:    Font shape `TS1/phv/b/n' will be
(Font)              scaled to size 11.39996pt on input line 2100.

LaTeX Warning: Reference `fig-production-cost-units-produced' on page 36 undefi
ned on input line 2103.


LaTeX Warning: Reference `fig-various-corr-coeffs' on page 36 undefined on inpu
t line 2112.

File: modules/01-data-visualization/../../images/fig-various-corr-coeffs.png Gr
aphic file (type bmp)
<modules/01-data-visualization/../../images/fig-various-corr-coeffs.png>
[36] (/usr/local/texlive/2025/texmf-dist/tex/latex/microtype/mt-TU-empty.cfg
File: mt-TU-empty.cfg 2021/06/22 v1.1 microtype config. file: fonts with nonsta
ndard glyph set (RS)
) [37]

LaTeX Warning: Reference `fig-price-demand-3' on page 38 undefined on input lin
e 2186.


LaTeX Warning: Reference `fig-price-demand-3' on page 38 undefined on input lin
e 2191.

[38]

LaTeX Warning: Reference `fig-advertising-sales-channel-1' on page 39 undefined
 on input line 2216.


LaTeX Warning: Reference `fig-bank-account-type-balance' on page 39 undefined o
n input line 2219.

File: modules/01-data-visualization/../../images/fig-bank-account-type-balance.
png Graphic file (type bmp)
<modules/01-data-visualization/../../images/fig-bank-account-type-balance.png>

LaTeX Warning: Reference `fig-non-linear-strong-but-weak-corr-coeff' on page 39
 undefined on input line 2250.

File: modules/01-data-visualization/../../images/fig-non-linear-strong-but-weak
-corr-coeff.png Graphic file (type bmp)
<modules/01-data-visualization/../../images/fig-non-linear-strong-but-weak-corr
-coeff.png>
[39] [40]

LaTeX Warning: Reference `fig-bank-account-type-balance' on page 41 undefined o
n input line 2302.


LaTeX Warning: Reference `fig-account-type-balance-point-plot' on page 41 undef
ined on input line 2307.

File: modules/01-data-visualization/point-plots_files/figure-pdf/fig-account-ty
pe-balance-point-plot-1.pdf Graphic file (type pdf)
<use modules/01-data-visualization/point-plots_files/figure-pdf/fig-account-typ
e-balance-point-plot-1.pdf>
[41] [42]

LaTeX Warning: Reference `fig-advertising-sales-channel-1' on page 43 undefined
 on input line 2382.

File: modules/01-data-visualization/../../images/fig-advertising-sales-channel-
color.png Graphic file (type bmp)
<modules/01-data-visualization/../../images/fig-advertising-sales-channel-color
.png>

LaTeX Warning: Reference `fig-advertising-sales-channel-color' on page 43 undef
ined on input line 2409.


LaTeX Warning: Reference `fig-color-tilde-expression' on page 43 undefined on i
nput line 2423.

File: modules/01-data-visualization/../../images/fig-color-tilde-expression.png
 Graphic file (type bmp)
<modules/01-data-visualization/../../images/fig-color-tilde-expression.png>
[43]

LaTeX Warning: Reference `fig-color-tilde-expression-2' on page 44 undefined on
 input line 2441.

File: modules/01-data-visualization/../../images/fig-color-tilde-expression-2.p
ng Graphic file (type bmp)
<modules/01-data-visualization/../../images/fig-color-tilde-expression-2.png>
[44]

LaTeX Warning: Reference `fig-facet-example-1' on page 45 undefined on input li
ne 2503.

File: modules/01-data-visualization/../../images/fig-facet-example-1.png Graphi
c file (type bmp)
<modules/01-data-visualization/../../images/fig-facet-example-1.png>
Missing character: There is no → ("2192) in font phvr8t!
Missing character: There is no → ("2192) in font phvr8t!
Missing character: There is no → ("2192) in font phvr8t!
[45]

LaTeX Warning: Reference `fig-bank-account-type-balance' on page 46 undefined o
n input line 2546.


LaTeX Warning: Reference `fig-mpg-cty-drv-scatter' on page 46 undefined on inpu
t line 2552.

File: modules/01-data-visualization/../../images/fig-mpg-cty-drv-scatter.png Gr
aphic file (type bmp)
<modules/01-data-visualization/../../images/fig-mpg-cty-drv-scatter.png>
[46]
Missing character: There is no η ("3B7) in font phvr8t!
[47] [48] [49] [50]
part II.
Package scrkbase Info: You've told me to use the font selection of the element
(scrkbase)             `partprefix' that is an alias of element `partnumber'
(scrkbase)              on input line 2765.
[51

] [52

]
chapter 3.

LaTeX Warning: Reference `tbl-boston-marathon-2' on page 53 undefined on input 
line 2886.

[53

] [54]
Underfull \hbox (badness 10000) in paragraph at lines 2969--2973

 []

[55]

LaTeX Warning: Reference `fig-perfect-uniform-hist' on page 56 undefined on inp
ut line 3041.


LaTeX Warning: Reference `fig-perfect-uniform-hist' on page 56 undefined on inp
ut line 3053.

File: modules/02-variability/../../images/fig-perfect-uniform-hist.png Graphic 
file (type bmp)
<modules/02-variability/../../images/fig-perfect-uniform-hist.png>

LaTeX Warning: Reference `fig-approx-uniform-hist' on page 56 undefined on inpu
t line 3079.


LaTeX Warning: Reference `fig-approx-uniform-hist' on page 56 undefined on inpu
t line 3085.


LaTeX Warning: Reference `fig-perfect-uniform-hist' on page 56 undefined on inp
ut line 3086.

[56]
File: modules/02-variability/../../images/fig-approx-uniform-hist.png Graphic f
ile (type bmp)
<modules/02-variability/../../images/fig-approx-uniform-hist.png>

LaTeX Warning: Reference `fig-normal-low-sd-hist' on page 57 undefined on input
 line 3137.


LaTeX Warning: Reference `fig-normal-higher-sd-hist' on page 57 undefined on in
put line 3138.

[57]
File: modules/02-variability/../../images/fig-normal-low-sd-hist.png Graphic fi
le (type bmp)
<modules/02-variability/../../images/fig-normal-low-sd-hist.png>
File: modules/02-variability/../../images/fig-normal-higher-sd-hist.png Graphic
 file (type bmp)
<modules/02-variability/../../images/fig-normal-higher-sd-hist.png>

LaTeX Warning: Reference `fig-normal-low-sd-hist' on page 58 undefined on input
 line 3166.


LaTeX Warning: Reference `fig-normal-low-sd-hist' on page 58 undefined on input
 line 3166.


LaTeX Warning: Reference `fig-normal-low-sd-hist' on page 58 undefined on input
 line 3170.


LaTeX Warning: Reference `fig-normal-higher-sd-hist' on page 58 undefined on in
put line 3171.


LaTeX Warning: Reference `fig-normal-low-sd-hist' on page 58 undefined on input
 line 3179.


LaTeX Warning: Reference `fig-normal-higher-sd-hist' on page 58 undefined on in
put line 3181.


LaTeX Warning: Reference `fig-normal-higher-sd-hist' on page 58 undefined on in
put line 3183.


LaTeX Warning: Reference `fig-normal-higher-sd-hist' on page 58 undefined on in
put line 3185.


LaTeX Warning: Reference `fig-normal-low-sd-hist' on page 58 undefined on input
 line 3195.


LaTeX Warning: Reference `fig-normal-higher-sd-hist' on page 58 undefined on in
put line 3196.

File: modules/02-variability/../../images/fig-bimodal-hist.png Graphic file (ty
pe bmp)
<modules/02-variability/../../images/fig-bimodal-hist.png>

LaTeX Warning: Reference `fig-right-skew-hist' on page 58 undefined on input li
ne 3217.


LaTeX Warning: Reference `fig-left-skew-hist' on page 58 undefined on input lin
e 3218.

[58] [59]
File: modules/02-variability/../../images/fig-right-skew-hist.png Graphic file 
(type bmp)
<modules/02-variability/../../images/fig-right-skew-hist.png>
File: modules/02-variability/../../images/fig-left-skew-hist.png Graphic file (
type bmp)
<modules/02-variability/../../images/fig-left-skew-hist.png>
[60]
File: modules/02-variability/violin-plots_files/figure-pdf/fig-boston-marathon-
minutes-violin-1.pdf Graphic file (type pdf)
<use modules/02-variability/violin-plots_files/figure-pdf/fig-boston-marathon-m
inutes-violin-1.pdf>
[61]

LaTeX Warning: Reference `fig-boston-marathon-minutes-violin' on page 62 undefi
ned on input line 3307.


LaTeX Warning: Reference `fig-boston-marathon-minutes-violin' on page 62 undefi
ned on input line 3327.


LaTeX Warning: Reference `fig-boston-marathon-minutes-violin-code-dissect' on p
age 62 undefined on input line 3331.

File: modules/02-variability/../../images/fig-boston-marathon-minutes-violin-co
de-dissect.png Graphic file (type bmp)
<modules/02-variability/../../images/fig-boston-marathon-minutes-violin-code-di
ssect.png>

LaTeX Warning: Reference `fig-boston-marathon-minutes-violin' on page 62 undefi
ned on input line 3345.


LaTeX Warning: Reference `fig-boston-marathon-minutes-violin' on page 62 undefi
ned on input line 3345.


LaTeX Warning: Reference `fig-tilde-expression-violin-boston-marathon' on page 
62 undefined on input line 3349.

File: modules/02-variability/../../images/fig-tilde-expression-violin-boston-ma
rathon.png Graphic file (type bmp)
<modules/02-variability/../../images/fig-tilde-expression-violin-boston-maratho
n.png>

LaTeX Warning: Reference `fig-boston-marathon-minutes-violin-code-dissect' on p
age 62 undefined on input line 3368.


LaTeX Warning: Reference `fig-boston-marathon-minutes-violin-code-dissect' on p
age 62 undefined on input line 3368.


LaTeX Warning: Reference `fig-annot-violin-argument' on page 62 undefined on in
put line 3372.

File: modules/02-variability/../../images/fig-annot-violin-argument.png Graphic
 file (type bmp)
<modules/02-variability/../../images/fig-annot-violin-argument.png>
[62]

LaTeX Warning: Reference `fig-price-violin-from-price-demand-dataframe' on page
 63 undefined on input line 3421.

File: modules/02-variability/violin-plots_files/figure-pdf/fig-price-violin-fro
m-price-demand-dataframe-1.pdf Graphic file (type pdf)
<use modules/02-variability/violin-plots_files/figure-pdf/fig-price-violin-from
-price-demand-dataframe-1.pdf>
[63]

LaTeX Warning: Reference `fig-price-violin-from-price-demand-dataframe' on page
 64 undefined on input line 3444.


LaTeX Warning: Reference `fig-sliced-rotated-violin' on page 64 undefined on in
put line 3446.

File: modules/02-variability/../../images/fig-sliced-rotated-violin.png Graphic
 file (type bmp)
<modules/02-variability/../../images/fig-sliced-rotated-violin.png>

LaTeX Warning: Reference `fig-price-violin-from-price-demand-dataframe' on page
 64 undefined on input line 3460.


LaTeX Warning: Reference `fig-price-violin-from-price-demand-dataframe' on page
 64 undefined on input line 3460.


LaTeX Warning: Reference `fig-balance-violin-from-acct-type-balance-dataframe' 
on page 64 undefined on input line 3464.

File: modules/02-variability/violin-plots_files/figure-pdf/fig-balance-violin-f
rom-acct-type-balance-dataframe-1.pdf Graphic file (type pdf)
<use modules/02-variability/violin-plots_files/figure-pdf/fig-balance-violin-fr
om-acct-type-balance-dataframe-1.pdf>
[64]

LaTeX Warning: Reference `fig-price-violin-from-price-demand-dataframe' on page
 65 undefined on input line 3488.


LaTeX Warning: Reference `fig-advertising-spend-violin-from-advertising-sales-c
hannel-dataframe' on page 65 undefined on input line 3495.

File: modules/02-variability/violin-plots_files/figure-pdf/fig-advertising-spen
d-violin-from-advertising-sales-channel-dataframe-1.pdf Graphic file (type pdf)

<use modules/02-variability/violin-plots_files/figure-pdf/fig-advertising-spend
-violin-from-advertising-sales-channel-dataframe-1.pdf>

Underfull \hbox (badness 10000) in paragraph at lines 3515--3515
[][][]|[]\T1/phv/m/n/12 Vi-o-lin plot of the \T1/phv/m/sl/12 ad-ver-tis-ing_spe
nd_k \T1/phv/m/n/12 vari-able from the \T1/phv/m/sl/12 ad-ver-tis-
 []

[65] [66] [67]
File: modules/02-variability/violin-plots_files/figure-pdf/fig-comparative-bala
nce-violin-from-acct-type-balance-dataframe-1.pdf Graphic file (type pdf)
<use modules/02-variability/violin-plots_files/figure-pdf/fig-comparative-balan
ce-violin-from-acct-type-balance-dataframe-1.pdf>

LaTeX Warning: Reference `fig-comparative-balance-violin-from-acct-type-balance
-dataframe' on page 68 undefined on input line 3652.

File: modules/02-variability/violin-plots_files/figure-pdf/fig-comparative-week
ly-spend-violin-from-advertising-sales-channel-data-frame-1.pdf Graphic file (t
ype pdf)
<use modules/02-variability/violin-plots_files/figure-pdf/fig-comparative-weekl
y-spend-violin-from-advertising-sales-channel-data-frame-1.pdf>
[68]

LaTeX Warning: Reference `fig-comparative-weekly-spend-violin-from-advertising-
sales-channel-data-frame' on page 69 undefined on input line 3689.

[69]
chapter 4.
[70

] [71] [72] [73]
Underfull \hbox (badness 10000) in paragraph at lines 3975--3980

 []

[74]
Missing character: There is no − ("2212) in font phvb8t!
Missing character: There is no − ("2212) in font phvr8t!
[75] [76] [77]

Package longtable Warning: Column widths have changed
(longtable)                in table 4.2 on input line 4244.

[78] [79]
part III.
Package scrkbase Info: You've told me to use the font selection of the element
(scrkbase)             `partprefix' that is an alias of element `partnumber'
(scrkbase)              on input line 4263.
[80

] [81

]
chapter 5.
[82

] [83] [84]

LaTeX Warning: Reference `tbl-decision-penalty-6' on page 85 undefined on input
 line 4526.

ignored error: Infinite glue shrinkage found in box being split [85]

LaTeX Warning: Reference `tbl-decision-penalty-6' on page 86 undefined on input
 line 4573.


LaTeX Warning: Reference `tbl-decision-penalty-7' on page 86 undefined on input
 line 4590.

ignored error: Infinite glue shrinkage found in box being split [86]

LaTeX Warning: Reference `fig-igor-sketch' on page 87 undefined on input line 4
671.

[87]
File: modules/03-introduction-to-models/../../images/fig-igor-sketch.png Graphi
c file (type bmp)
<modules/03-introduction-to-models/../../images/fig-igor-sketch.png>

LaTeX Warning: Reference `fig-igor-sketch' on page 88 undefined on input line 4
696.

[88]

LaTeX Warning: Reference `fig-amanda-simulation' on page 89 undefined on input 
line 4738.

File: modules/03-introduction-to-models/../../images/fig-amanda-simulation.png 
Graphic file (type bmp)
<modules/03-introduction-to-models/../../images/fig-amanda-simulation.png>
[89] [90]

LaTeX Warning: Reference `tbl-decision-penalty-4' on page 91 undefined on input
 line 4847.

[91]

LaTeX Warning: Reference `fig-many-nos-one-pred' on page 92 undefined on input 
line 4903.

File: modules/03-introduction-to-models/../../images/fig-many-nos-one-pred.png 
Graphic file (type bmp)
<modules/03-introduction-to-models/../../images/fig-many-nos-one-pred.png>
[92] [93]
Overfull \hbox (159.52885pt too wide) in paragraph at lines 5022--5023
[][][][][][][][][][][][][][][][][][][][][][][][][][][][][][][][][][][][][][][][
][][] 
 []

[94]

LaTeX Warning: Reference `fig-simulation-game-summary-skewed' on page 95 undefi
ned on input line 5146.

File: modules/03-introduction-to-models/../../images/fig-simulation-game-summar
y-skewed.png Graphic file (type bmp)
<modules/03-introduction-to-models/../../images/fig-simulation-game-summary-ske
wed.png>
LaTeX Font Info:    Font shape `T1/phv/b/it' in size <12> not available
(Font)              Font shape `T1/phv/b/sl' tried instead on input line 5173.
LaTeX Font Info:    Font shape `T1/phv/b/sl' will be
(Font)              scaled to size 11.39996pt on input line 5173.
[95] [96] [97]
chapter 6.
[98

]

Package longtable Warning: Column widths have changed
(longtable)                in table 6.1 on input line 5339.

[99]

LaTeX Warning: Reference `tbl-kiosk-avg-sales' on page 100 undefined on input l
ine 5375.


Package longtable Warning: Column widths have changed
(longtable)                in table 6.2 on input line 5392.

[100]

LaTeX Warning: Reference `tbl-kiosk-avg-sales' on page 101 undefined on input l
ine 5430.


LaTeX Warning: Reference `fig-kiosk-beach-plots' on page 101 undefined on input
 line 5468.

File: modules/03-introduction-to-models/../../images/fig-kiosk-beach-plots.png 
Graphic file (type bmp)
<modules/03-introduction-to-models/../../images/fig-kiosk-beach-plots.png>
[101]

LaTeX Warning: Reference `fig-kiosk-violin-mall-beach' on page 102 undefined on
 input line 5526.

File: modules/03-introduction-to-models/../../images/fig-kiosk-violin-mall-beac
h.png Graphic file (type bmp)
<modules/03-introduction-to-models/../../images/fig-kiosk-violin-mall-beach.png
>
[102] [103] [104]
chapter 7.

LaTeX Warning: Reference `fig-house' on page 105 undefined on input line 5600.


LaTeX Warning: Reference `fig-house-model' on page 105 undefined on input line 
5600.

File: modules/03-introduction-to-models/../../images/fig-house.png Graphic file
 (type bmp)
<modules/03-introduction-to-models/../../images/fig-house.png>
File: modules/03-introduction-to-models/../../images/fig-house-model.png Graphi
c file (type bmp)
<modules/03-introduction-to-models/../../images/fig-house-model.png>

LaTeX Warning: Reference `fig-house' on page 105 undefined on input line 5633.


LaTeX Warning: Reference `fig-house' on page 105 undefined on input line 5633.


LaTeX Warning: Reference `fig-house-model' on page 105 undefined on input line 
5637.


LaTeX Warning: Reference `fig-house-model' on page 105 undefined on input line 
5643.

[105

] [106] [107]

LaTeX Warning: Reference `eq-price-model' on page 108 undefined on input line 5
722.

LaTeX Font Info:    External font `lmex10' loaded for size
(Font)              <8> on input line 5725.
LaTeX Font Info:    External font `lmex10' loaded for size
(Font)              <6> on input line 5725.
LaTeX Font Info:    Font shape `T1/phv/m/n' will be
(Font)              scaled to size 7.59998pt on input line 5726.
LaTeX Font Info:    Font shape `T1/phv/m/n' will be
(Font)              scaled to size 5.69998pt on input line 5726.
Missing character: There is no ̂ ("302) in font ecrm1200!

LaTeX Warning: Reference `eq-price-model' on page 108 undefined on input line 5
734.


LaTeX Warning: Reference `eq-price-model' on page 108 undefined on input line 5
739.


LaTeX Warning: Reference `eq-price-model' on page 108 undefined on input line 5
743.


LaTeX Warning: Reference `eq-price-model' on page 108 undefined on input line 5
746.

[108]

LaTeX Warning: Reference `eq-price-model' on page 109 undefined on input line 5
763.


LaTeX Warning: Reference `eq-price-model' on page 109 undefined on input line 5
770.

[109]

LaTeX Warning: Reference `eq-price-model' on page 110 undefined on input line 5
806.


LaTeX Warning: Reference `eq-price-model' on page 110 undefined on input line 5
831.


LaTeX Warning: Reference `sec-mean-model' on page 110 undefined on input line 5
850.

Missing character: There is no ̂ ("302) in font ecrm1200!

LaTeX Warning: Reference `eq-avg-price-model' on page 110 undefined on input li
ne 5860.


LaTeX Warning: Reference `eq-price-model' on page 110 undefined on input line 5
863.


LaTeX Warning: Reference `eq-avg-price-model' on page 110 undefined on input li
ne 5864.

[110]
chapter 8.

LaTeX Warning: Reference `sec-mean-model' on page 111 undefined on input line 5
882.


LaTeX Warning: Reference `sec-mean-model' on page 111 undefined on input line 5
919.

[111

]

LaTeX Warning: Reference `fig-cty-simple-mean-model' on page 112 undefined on i
nput line 5945.

File: modules/03-introduction-to-models/../../images/fig-cty-simple-mean-model.
png Graphic file (type bmp)
<modules/03-introduction-to-models/../../images/fig-cty-simple-mean-model.png>
[112]

LaTeX Warning: Reference `sec-models-intro' on page 113 undefined on input line
 5994.


LaTeX Warning: Reference `eq-cty-model' on page 113 undefined on input line 599
6.

Missing character: There is no ̂ ("302) in font ecrm1200!

LaTeX Warning: Reference `sec-category-means' on page 113 undefined on input li
ne 6014.

[113]

LaTeX Warning: Reference `fig-cty-class-model' on page 114 undefined on input l
ine 6057.

File: modules/03-introduction-to-models/../../images/fig-cty-class-model.png Gr
aphic file (type bmp)
<modules/03-introduction-to-models/../../images/fig-cty-class-model.png>

LaTeX Warning: Reference `eq-cty-model' on page 114 undefined on input line 607
4.


LaTeX Warning: Reference `eq-cty-class-model' on page 114 undefined on input li
ne 6076.

Missing character: There is no ̂ ("302) in font ecrm1200!
[114]

LaTeX Warning: Reference `fig-cty-drv-model' on page 115 undefined on input lin
e 6120.

File: modules/03-introduction-to-models/../../images/fig-cty-drv-model.png Grap
hic file (type bmp)
<modules/03-introduction-to-models/../../images/fig-cty-drv-model.png>

LaTeX Warning: Reference `eq-cty-drv-model' on page 115 undefined on input line
 6136.

Missing character: There is no ̂ ("302) in font ecrm1200!
[115] [116]
part IV.
Package scrkbase Info: You've told me to use the font selection of the element
(scrkbase)             `partprefix' that is an alias of element `partnumber'
(scrkbase)              on input line 6162.
[117

] [118

]
chapter 9.

LaTeX Warning: Reference `sec-mean-model' on page 119 undefined on input line 6
251.


LaTeX Warning: Reference `sec-category-means' on page 119 undefined on input li
ne 6255.

[119

]

LaTeX Warning: Reference `tbl-temp-customers' on page 120 undefined on input li
ne 6322.


Package longtable Warning: Column widths have changed
(longtable)                in table 9.1 on input line 6362.

ignored error: Infinite glue shrinkage found in box being split [120]

LaTeX Warning: Reference `sec-mean-model' on page 121 undefined on input line 6
379.


LaTeX Warning: Reference `sec-category-means' on page 121 undefined on input li
ne 6382.

[121]

LaTeX Warning: Reference `tbl-temp-customers' on page 122 undefined on input li
ne 6414.


LaTeX Warning: Reference `fig-beach-kiosk-model-box-diagram' on page 122 undefi
ned on input line 6417.

File: modules/04-more-on-models/../../images/fig-beach-kiosk-model-box-diagram.
png Graphic file (type bmp)
<modules/04-more-on-models/../../images/fig-beach-kiosk-model-box-diagram.png>

LaTeX Warning: Reference `tbl-temp-customers' on page 122 undefined on input li
ne 6431.


LaTeX Warning: Reference `tbl-temp-customers' on page 122 undefined on input li
ne 6431.


LaTeX Warning: Reference `fig-specific-beach-kiosk-model-box' on page 122 undef
ined on input line 6439.

File: modules/04-more-on-models/../../images/fig-specific-beach-kiosk-model-box
.png Graphic file (type bmp)
<modules/04-more-on-models/../../images/fig-specific-beach-kiosk-model-box.png>


LaTeX Warning: Reference `fig-specific-beach-kiosk-model-box' on page 122 undef
ined on input line 6457.


LaTeX Warning: Reference `fig-beach-kiosk-temp-generic-model' on page 122 undef
ined on input line 6460.

File: modules/04-more-on-models/../../images/fig-beach-kiosk-temp-generic-model
.png Graphic file (type bmp)
<modules/04-more-on-models/../../images/fig-beach-kiosk-temp-generic-model.png>


LaTeX Warning: Reference `eq-kiosk-cust-temp-model' on page 122 undefined on in
put line 6479.

[122]
Missing character: There is no ̂ ("302) in font ecrm1200!
Missing character: There is no ̂ ("302) in font ecrm1200!
Missing character: There is no ̂ ("302) in font ecrm1200!
Missing character: There is no ≤ ("2264) in font ecrm1200!
Missing character: There is no ≤ ("2264) in font ecrm1200!
Missing character: There is no ̂ ("302) in font ecrm1200!

LaTeX Warning: Reference `eq-linear-model-form' on page 123 undefined on input 
line 6523.

[123]

LaTeX Warning: Reference `eq-kiosk-cust-temp-model' on page 124 undefined on in
put line 6537.


LaTeX Warning: Reference `eq-kiosk-cust-temp-model-specific' on page 124 undefi
ned on input line 6540.

Missing character: There is no ̂ ("302) in font ecrm1200!

LaTeX Warning: Reference `eq-kiosk-cust-temp-model-specific' on page 124 undefi
ned on input line 6558.


LaTeX Warning: Reference `eq-kiosk-cust-temp-model-specific' on page 124 undefi
ned on input line 6560.


LaTeX Warning: Reference `eq-kiosk-cust-temp-model-specific' on page 124 undefi
ned on input line 6564.


LaTeX Warning: Reference `tbl-temp-customers' on page 124 undefined on input li
ne 6577.


LaTeX Warning: Reference `tbl-igor-computations-for-15-2' on page 124 undefined
 on input line 6578.


LaTeX Warning: Reference `eq-kiosk-cust-temp-model-specific' on page 124 undefi
ned on input line 6591.

Missing character: There is no ̂ ("302) in font ecrm1200!
Missing character: There is no ̂ ("302) in font ecrm1200!

LaTeX Warning: Reference `eq-kiosk-cust-temp-model-specific' on page 124 undefi
ned on input line 6591.

Missing character: There is no ̂ ("302) in font ecrm1200!
Missing character: There is no ̂ ("302) in font ecrm1200!
Missing character: There is no ̂ ("302) in font ecrm1200!
Missing character: There is no ̂ ("302) in font ecrm1200!
ignored error: Infinite glue shrinkage found in box being split [124]

LaTeX Warning: Reference `tbl-igor-computations-for-15-2' on page 125 undefined
 on input line 6662.


LaTeX Warning: Reference `tbl-igor-computations-for-15-2' on page 125 undefined
 on input line 6664.


LaTeX Warning: Reference `eq-kiosk-cust-temp-model-specific' on page 125 undefi
ned on input line 6676.


LaTeX Warning: Reference `fig-kiosk-temp-cust-scatter' on page 125 undefined on
 input line 6678.

File: modules/04-more-on-models/../../images/fig-kiosk-temp-cust-scatter.png Gr
aphic file (type bmp)
<modules/04-more-on-models/../../images/fig-kiosk-temp-cust-scatter.png>

LaTeX Warning: Reference `fig-kiosk-temp-cust-scatter' on page 125 undefined on
 input line 6703.

[125]

LaTeX Warning: Reference `eq-kiosk-cust-temp-model-specific' on page 126 undefi
ned on input line 6732.


LaTeX Warning: Reference `fig-kiosk-model-initial-attempt' on page 126 undefine
d on input line 6736.


LaTeX Warning: Reference `eq-kiosk-cust-temp-model-specific' on page 126 undefi
ned on input line 6738.

File: modules/04-more-on-models/../../images/fig-kiosk-model-initial-attempt.pn
g Graphic file (type bmp)
<modules/04-more-on-models/../../images/fig-kiosk-model-initial-attempt.png>
[126]

LaTeX Warning: Reference `fig-kiosk-model-initial-attempt' on page 127 undefine
d on input line 6765.


LaTeX Warning: Reference `eq-kiosk-cust-temp-model-specific' on page 127 undefi
ned on input line 6768.


LaTeX Warning: Reference `eq-kiosk-cust-temp-model' on page 127 undefined on in
put line 6796.

[127]

LaTeX Warning: Reference `fig-initial-model-with-intercept-visible' on page 128
 undefined on input line 6808.


LaTeX Warning: Reference `fig-kiosk-model-initial-attempt' on page 128 undefine
d on input line 6810.

File: modules/04-more-on-models/../../images/fig-initial-model-with-intercept-v
isible.png Graphic file (type bmp)
<modules/04-more-on-models/../../images/fig-initial-model-with-intercept-visibl
e.png>
[128]

LaTeX Warning: Reference `fig-kiosk-model-second-guess' on page 129 undefined o
n input line 6848.

File: modules/04-more-on-models/../../images/fig-kiosk-model-second-guess.png G
raphic file (type bmp)
<modules/04-more-on-models/../../images/fig-kiosk-model-second-guess.png>

LaTeX Warning: Reference `tbl-igor-computations-for-15-2' on page 129 undefined
 on input line 6888.

[129]

LaTeX Warning: Reference `tbl-igor-computations-for-15-2' on page 130 undefined
 on input line 6899.


LaTeX Warning: Reference `fig-kiosk-model-second-guess' on page 130 undefined o
n input line 6900.


LaTeX Warning: Reference `fig-tentative-model-with-residuals-visualized' on pag
e 130 undefined on input line 6901.


LaTeX Warning: Reference `tbl-igor-computations-for-15-2' on page 130 undefined
 on input line 6906.


LaTeX Warning: Reference `fig-tentative-model-with-residuals-visualized' on pag
e 130 undefined on input line 6908.

File: modules/04-more-on-models/../../images/fig-tentative-model-with-residuals
-visualized.png Graphic file (type bmp)
<modules/04-more-on-models/../../images/fig-tentative-model-with-residuals-visu
alized.png>

LaTeX Warning: Reference `fig-tentative-model-with-residuals-visualized' on pag
e 130 undefined on input line 6939.


LaTeX Warning: Reference `eq-residual-1' on page 130 undefined on input line 69
43.

Missing character: There is no − ("2212) in font ecrm1200!

LaTeX Warning: Reference `tbl-igor-computations-for-15-2' on page 130 undefined
 on input line 6957.

[130]
Missing character: There is no − ("2212) in font phvr8t!

LaTeX Warning: Reference `tbl-igor-computations-for-15-2' on page 131 undefined
 on input line 6990.


LaTeX Warning: Reference `tbl-igor-computations-for-15-2' on page 131 undefined
 on input line 6995.

[131]

LaTeX Warning: Reference `fig-tentative-model-with-residuals-visualized' on pag
e 132 undefined on input line 7044.


LaTeX Warning: Reference `fig-initial-model-with-intercept-visible' on page 132
 undefined on input line 7045.


LaTeX Warning: Reference `fig-tentative-model-with-residuals-visualized' on pag
e 132 undefined on input line 7051.


LaTeX Warning: Reference `fig-initial-model-with-intercept-visible' on page 132
 undefined on input line 7053.

[132]

LaTeX Warning: Reference `eq-kiosk-cust-temp-model-best' on page 133 undefined 
on input line 7120.

Missing character: There is no ̂ ("302) in font ecrm1200!
[133] [134]

LaTeX Warning: Reference `fig-lowess-example' on page 135 undefined on input li
ne 7258.

File: modules/04-more-on-models/../../images/fig-lowess-example.png Graphic fil
e (type bmp)
<modules/04-more-on-models/../../images/fig-lowess-example.png>
[135] [136] [137]
chapter 10.

LaTeX Warning: Reference `sec-mean-model' on page 138 undefined on input line 7
340.


LaTeX Warning: Reference `sec-category-means' on page 138 undefined on input li
ne 7341.


LaTeX Warning: Reference `sec-visualizing-mean-models' on page 138 undefined on
 input line 7342.


LaTeX Warning: Reference `sec-best-fit-line' on page 138 undefined on input lin
e 7346.


LaTeX Warning: Reference `sec-mean-model' on page 138 undefined on input line 7
355.


LaTeX Warning: Reference `sec-category-means' on page 138 undefined on input li
ne 7366.


LaTeX Warning: Reference `sec-best-fit-line' on page 138 undefined on input lin
e 7371.


LaTeX Warning: Reference `sec-visualizing-mean-models' on page 138 undefined on
 input line 7376.


LaTeX Warning: Reference `sec-mean-model' on page 138 undefined on input line 7
378.


LaTeX Warning: Reference `sec-best-fit-line' on page 138 undefined on input lin
e 7381.


LaTeX Warning: Reference `tbl-txhousing-head-10' on page 138 undefined on input
 line 7393.

[138

] [139]
File: modules/04-more-on-models/../../images/fig-txhousing-listings-mean-model.
png Graphic file (type bmp)
<modules/04-more-on-models/../../images/fig-txhousing-listings-mean-model.png>
[140] [141]

LaTeX Warning: Reference `fig-boston-marathon-minutes-model' on page 142 undefi
ned on input line 7629.

File: modules/04-more-on-models/../../images/fig-boston-marathon-minutes-model.
png Graphic file (type bmp)
<modules/04-more-on-models/../../images/fig-boston-marathon-minutes-model.png>

LaTeX Warning: Reference `fig-boston-marathon-minutes-sex-model' on page 142 un
defined on input line 7659.

[142]
File: modules/04-more-on-models/../../images/fig-boston-marathon-minutes-sex-mo
del.png Graphic file (type bmp)
<modules/04-more-on-models/../../images/fig-boston-marathon-minutes-sex-model.p
ng>

LaTeX Warning: Reference `fig-mpg-cty-drv-model' on page 143 undefined on input
 line 7684.

File: modules/04-more-on-models/../../images/fig-mpg-cty-drv-model.png Graphic 
file (type bmp)
<modules/04-more-on-models/../../images/fig-mpg-cty-drv-model.png>
[143]

LaTeX Warning: Reference `fig-anthro-f-wrist-bfat-model' on page 144 undefined 
on input line 7729.

File: modules/04-more-on-models/../../images/fig-anthro-f-wrist-bfat-model.png 
Graphic file (type bmp)
<modules/04-more-on-models/../../images/fig-anthro-f-wrist-bfat-model.png>
[144] [145]
chapter 11.

LaTeX Warning: Reference `sec-mean-model' on page 146 undefined on input line 7
766.

[146

]

LaTeX Warning: Reference `sec-missing-values' on page 147 undefined on input li
ne 7813.


LaTeX Warning: Reference `eq-txhousing-listings-mean-model' on page 147 undefin
ed on input line 7851.

Missing character: There is no ̂ ("302) in font ecrm1200!

LaTeX Warning: Reference `sec-mean-model' on page 147 undefined on input line 7
862.

[147]

LaTeX Warning: Reference `eq-txhousing-listings-mean-model-copy' on page 148 un
defined on input line 7924.


LaTeX Warning: Reference `fig-txhousing-listings-mean-model' on page 148 undefi
ned on input line 7925.


LaTeX Warning: Reference `eq-txhousing-listings-mean-model-copy' on page 148 un
defined on input line 7927.

Missing character: There is no ̂ ("302) in font ecrm1200!

LaTeX Warning: Reference `sec-best-fit-line' on page 148 undefined on input lin
e 7933.


LaTeX Warning: Reference `eq-generic' on page 148 undefined on input line 7936.


Missing character: There is no ̂ ("302) in font ecrm1200!
[148]

LaTeX Warning: Reference `eq-txhousing-listings-mean-model-copy' on page 149 un
defined on input line 7948.


LaTeX Warning: Reference `eq-mpg-cty-mean-model' on page 149 undefined on input
 line 7965.

Missing character: There is no ̂ ("302) in font ecrm1200!

LaTeX Warning: Reference `eq-anthro-f-bfat-model' on page 149 undefined on inpu
t line 8005.

Missing character: There is no ̂ ("302) in font ecrm1200!
[149]
Missing character: There is no ̂ ("302) in font ecrm1200!
[150]
Missing character: There is no ̂ ("302) in font ecrm1200!
Missing character: There is no − ("2212) in font ecrm1200!
Missing character: There is no ̂ ("302) in font ecrm1200!

LaTeX Warning: Reference `eq-boston-marathon-minutes-sex-model-1' on page 151 u
ndefined on input line 8147.


LaTeX Warning: Reference `eq-boston-marathon-minutes-sex-model' on page 151 und
efined on input line 8148.

[151]
Missing character: There is no ̂ ("302) in font ecrm1200!
Missing character: There is no ̂ ("302) in font ecrm1200!
[152]

LaTeX Warning: Reference `eq-mpg-hwy-displ-model' on page 153 undefined on inpu
t line 8286.

Missing character: There is no ̂ ("302) in font ecrm1200!
Missing character: There is no − ("2212) in font ecrm1200!
[153]
Missing character: There is no ̂ ("302) in font ecrm1200!
Missing character: There is no − ("2212) in font ecrm1200!

LaTeX Warning: Reference `eq-hill-racing-time-distance-model' on page 154 undef
ined on input line 8319.


LaTeX Warning: Reference `eq-hill-racing-time-distance-model' on page 154 undef
ined on input line 8325.

Missing character: There is no ̂ ("302) in font ecrm1200!
[154] [155]
chapter 12.

LaTeX Warning: Reference `tbl-first-three-model-types-kiosk-context' on page 15
6 undefined on input line 8390.


LaTeX Warning: Reference `tbl-first-three-model-types-generic' on page 156 unde
fined on input line 8426.

[156

]

LaTeX Warning: Reference `eq-kiosk-cat-model-1' on page 157 undefined on input 
line 8520.

Missing character: There is no ̂ ("302) in font ecrm1200!

LaTeX Warning: Reference `eq-kiosk-cust-temp-model-2' on page 157 undefined on 
input line 8532.

Missing character: There is no ̂ ("302) in font ecrm1200!

LaTeX Warning: Reference `eq-kiosk-cust-temp-model-generic-1' on page 157 undef
ined on input line 8556.

[157]
Missing character: There is no ̂ ("302) in font ecrm1200!

LaTeX Warning: Reference `eq-kiosk-cust-temp-kiosk-model-generic-bad' on page 1
58 undefined on input line 8564.

Missing character: There is no ̂ ("302) in font ecrm1200!

LaTeX Warning: Reference `eq-kiosk-cat-model-1' on page 158 undefined on input 
line 8590.

Missing character: There is no ̂ ("302) in font ecrm1200!
[158]

LaTeX Warning: Reference `fig-kiosk-beach-mall-kiosk-temp-lines' on page 159 un
defined on input line 8654.

File: modules/04-more-on-models/../../images/fig-kiosk-beach-mall-kiosk-temp-li
nes.png Graphic file (type bmp)
<modules/04-more-on-models/../../images/fig-kiosk-beach-mall-kiosk-temp-lines.p
ng>

LaTeX Warning: Reference `fig-kiosk-beach-mall-kiosk-temp-lines' on page 159 un
defined on input line 8670.

[159]
Missing character: There is no ̂ ("302) in font ecrm1200!
Missing character: There is no − ("2212) in font ecrm1200!
Missing character: There is no ̂ ("302) in font ecrm1200!
Missing character: There is no − ("2212) in font ecrm1200!

LaTeX Warning: Reference `fig-kiosk-beach-mall-kiosk-temp-lines' on page 160 un
defined on input line 8713.


LaTeX Warning: Reference `fig-plot-showing-negative-intercepts' on page 160 und
efined on input line 8726.

File: modules/04-more-on-models/../../images/fig-plot-showing-negative-intercep
ts.png Graphic file (type bmp)
<modules/04-more-on-models/../../images/fig-plot-showing-negative-intercepts.pn
g>
[160] [161]

LaTeX Warning: Reference `fig-no-interaction-kiosk-model' on page 162 undefined
 on input line 8791.

File: modules/04-more-on-models/../../images/fig-no-interaction-kiosk-model.png
 Graphic file (type bmp)
<modules/04-more-on-models/../../images/fig-no-interaction-kiosk-model.png>

LaTeX Warning: Reference `eq-kiosk-mode-no-intxn' on page 162 undefined on inpu
t line 8820.

Missing character: There is no − ("2212) in font ecrm1200!
Missing character: There is no ̂ ("302) in font ecrm1200!
Missing character: There is no − ("2212) in font ecrm1200!
[162] [163]
part V.
Package scrkbase Info: You've told me to use the font selection of the element
(scrkbase)             `partprefix' that is an alias of element `partnumber'
(scrkbase)              on input line 8844.
[164

] [165

]
chapter 13.
LaTeX Font Info:    Font shape `T1/phv/b/it' in size <24.88> not available
(Font)              Font shape `T1/phv/b/sl' tried instead on input line 8888.
LaTeX Font Info:    Font shape `T1/phv/b/sl' will be
(Font)              scaled to size 23.63593pt on input line 8888.

LaTeX Warning: Reference `sec-visualizing-relationships' on page 166 undefined 
on input line 8899.


LaTeX Warning: Reference `fig-advertising-sales-channel-1a' on page 166 undefin
ed on input line 8928.

File: modules/05-explanatory-power-of-models/../../images/fig-advertising-sales
-channel-1.png Graphic file (type bmp)
<modules/05-explanatory-power-of-models/../../images/fig-advertising-sales-chan
nel-1.png>
[166

] [167]

LaTeX Warning: Reference `sec-mean-model' on page 168 undefined on input line 8
997.

[168] [169] [170] [171]
chapter 14.
File: modules/05-explanatory-power-of-models/../../images/fig-explain-1.png Gra
phic file (type bmp)
<modules/05-explanatory-power-of-models/../../images/fig-explain-1.png>
File: modules/05-explanatory-power-of-models/../../images/fig-explain-2.png Gra
phic file (type bmp)
<modules/05-explanatory-power-of-models/../../images/fig-explain-2.png>
[172

] [173]

Package longtable Warning: Column widths have changed
(longtable)                in table 14.1 on input line 9378.

ignored error: Infinite glue shrinkage found in box being split [174] [175]

LaTeX Warning: Reference `tbl-mean-model-estimates-kiosk-1' on page 176 undefin
ed on input line 9439.


Package longtable Warning: Column widths have changed
(longtable)                in table 14.2 on input line 9510.

ignored error: Infinite glue shrinkage found in box being split [176]
ignored error: Infinite glue shrinkage found in box being split [177]
Missing character: There is no ̂ ("302) in font ecrm1200!
[178]
Missing character: There is no − ("2212) in font ecrm1200!
Missing character: There is no ̂ ("302) in font ecrm1200!

LaTeX Warning: Reference `eq-model-quality' on page 179 undefined on input line
 9640.

[179]
Overfull \hbox (70.6083pt too wide) in paragraph at lines 9655--9656
[][][][][][][][][][][][][][][][][][][][][][][][][][][][][][][][] 
 []


LaTeX Warning: Reference `eq-kiosk-mode-no-intxn-2' on page 180 undefined on in
put line 9685.

Missing character: There is no − ("2212) in font ecrm1200!
Missing character: There is no ̂ ("302) in font ecrm1200!
Missing character: There is no − ("2212) in font ecrm1200!

Overfull \hbox (111.64856pt too wide) in paragraph at lines 9706--9707
[][][][][][][][][][][][][][][][][][][][][][][][][][][][][][][][][][] 
 []

[180]

LaTeX Warning: Reference `eq-kiosk-mode-no-intxn-2' on page 181 undefined on in
put line 9723.

[181]
chapter 15.
LaTeX Font Info:    External font `lmex10' loaded for size
(Font)              <24.88> on input line 9730.
LaTeX Font Info:    External font `lmex10' loaded for size
(Font)              <20.74> on input line 9730.

LaTeX Warning: Reference `eq-crude-rsq' on page 182 undefined on input line 974
7.

Missing character: There is no ̂ ("302) in font ecrm1200!
[182

] [183]
LaTeX Info: Symbol \textasciigrave not provided by
            font family phv in TS1 encoding.
            Default family used instead on input line 9868.
LaTeX Font Info:    Trying to load font information for T1+lmss on input line 9
868.
(/usr/local/texlive/2025/texmf-dist/tex/latex/lm/t1lmss.fd
File: t1lmss.fd 2015/05/01 v1.6.1 Font defs for Latin Modern
)
LaTeX Font Info:    Trying to load font information for TS1+lmss on input line 
9868.
(/usr/local/texlive/2025/texmf-dist/tex/latex/lm/ts1lmss.fd
File: ts1lmss.fd 2015/05/01 v1.6.1 Font defs for Latin Modern
)
LaTeX Info: Symbol \textasciigrave not provided by
            font family phv in TS1 encoding.
            Default family used instead on input line 9868.
LaTeX Info: Symbol \textasciigrave not provided by
            font family phv in TS1 encoding.
            Default family used instead on input line 9868.
LaTeX Info: Symbol \textasciigrave not provided by
            font family phv in TS1 encoding.
            Default family used instead on input line 9868.
LaTeX Info: Symbol \textasciigrave not provided by
            font family phv in TS1 encoding.
            Default family used instead on input line 9868.
LaTeX Info: Symbol \textasciigrave not provided by
            font family phv in TS1 encoding.
            Default family used instead on input line 9868.

(/usr/local/texlive/2025/texmf-dist/tex/latex/microtype/mt-LatinModernRoman.cfg
File: mt-LatinModernRoman.cfg 2021/02/21 v1.1 microtype config. file: Latin Mod
ern Roman (RS)
)
! Font \OMS/lmsy/m/n/8 has only 22 fontdimen parameters.
\__um_font_dimen:Nnnnn ...riptscriptfont }}}}}}}2 
                                                  
l.9880   }
          }
To increase the number of font parameters, you must
use \fontdimen immediately after the \font is loaded.

 
Here is how much of TeX's memory you used:
 46494 strings out of 468179
 964754 string characters out of 5433206
 1766664 words of memory out of 5000000
 74474 multiletter control sequences out of 15000+600000
 670350 words of font info for 105 fonts, out of 8000000 for 9000
 1348 hyphenation exceptions out of 8191
 108i,14n,117p,11227b,1720s stack positions out of 10000i,1000n,20000p,200000b,200000s
Output written on index.pdf (183 pages).
